id,title,description,link,image_link,additional_image_link,price,availability,condition,brand,product_type
4590387375,Inca Stronghold Set of 2,"Original photographs by Alan and Carolina, taken with real cameras. Every size listed prints sharp, and the larger formats are best viewed from around two feet, the distance a framed print is normally seen from. A pair of black and white photographs of the Inca stronghold high in the Peruvian Andes, sold as a set of 2 prints designed to hang together. They share the same shape and scale, so they line up neatly side by side or stacked on a wall. These prints treat the ancient citadel and its mountains in rich monochrome. Sharp granite peaks rise over terraces and stone walls, and soft light falls across the ridges and through the haze of the cloud forest. Without colour, the set leans on texture and tone: deep shadow, bright stone, and layer after layer of mountain fading into the distance. The mood is quiet, timeless and a little dramatic, more like a memory of the place than a holiday snapshot. Hung together, they bring a calm sense of scale to a living room, study, hallway or office. The neutral greys sit easily with modern, minimalist, rustic or industrial interiors and work well alongside wood, linen and black metal. The set makes a thoughtful gift for travellers who have walked the Inca Trail, lovers of history and archaeology, or anyone drawn to mountain landscapes. WHAT YOU RECEIVE Instant digital download. High resolution JPG files at 300 DPI covering a wide range of print sizes, in both inches and centimetres. Nothing is posted to you. ABOUT THE PHOTOS The room photographs are mockups. Frames, mats, furniture and accessories are not included and are shown only to suggest how the print might look. The print is sized to approximate scale in each room, but it is an illustration, not a measurement. Please measure your own wall and choose the size that suits it. COLOUR Screens and printers vary, so the printed colour may differ a little from what you see here.",https://kirwana.github.io/p/4590387375.html,https://i.etsystatic.com/45832662/r/il/0ff4d1/8685710545/il_fullxfull.8685710545_h1r1.jpg,"https://i.etsystatic.com/45832662/r/il/8b1f65/8637891668/il_fullxfull.8637891668_p2qf.jpg,https://i.etsystatic.com/45832662/r/il/3ebe54/8637891804/il_fullxfull.8637891804_gova.jpg,https://i.etsystatic.com/45832662/r/il/281bea/8685710879/il_fullxfull.8685710879_nega.jpg,https://i.etsystatic.com/45832662/r/il/339add/8685710957/il_fullxfull.8685710957_f9cp.jpg,https://i.etsystatic.com/45832662/r/il/b09d22/8637892174/il_fullxfull.8637892174_d74f.jpg",24.99 AUD,in stock,new,Mirrors Fine Art,Printable wall art set
4590382389,Andean Silver - Andes - Peru - Set of 2,"Original photographs by Alan and Carolina, taken with real cameras. Every size listed prints sharp, and the larger formats are best viewed from around two feet, the distance a framed print is normally seen from. Andean Silver is a pair of black and white photographs of the high Andes of Peru, sold as a set of 2 prints designed to hang together. They share the same shape and scale, so they line up neatly side by side or stacked on a wall. Both prints take in the same rugged mountain country: jagged dark ridges, snow caught in the high gullies, and bright clouds drifting over the peaks. The monochrome treatment holds them together as one body of work. Deep blacks, crisp whites and a full range of silver greys bring out the texture of rock, scree and thin mountain trails, and the light gives them a quiet, dramatic mood. As a pair, these prints bring a sense of space and stillness to a room. They suit a living room, study, hallway or bedroom, and their neutral black and white palette sits easily with modern, Scandinavian, industrial or rustic interiors. Hang them over a sofa, a desk or a console table for a calm, balanced display. They make a thoughtful gift for hikers, climbers and travellers, or for anyone who loves Peru, the Andes and mountain landscapes. WHAT YOU RECEIVE Instant digital download. High resolution JPG files at 300 DPI covering a wide range of print sizes, in both inches and centimetres. Nothing is posted to you. ABOUT THE PHOTOS The room photographs are mockups. Frames, mats, furniture and accessories are not included and are shown only to suggest how the print might look. The print is sized to approximate scale in each room, but it is an illustration, not a measurement. Please measure your own wall and choose the size that suits it. COLOUR Screens and printers vary, so the printed colour may differ a little from what you see here.",https://kirwana.github.io/p/4590382389.html,https://i.etsystatic.com/45832662/r/il/09cd05/8685672045/il_fullxfull.8685672045_nsw5.jpg,"https://i.etsystatic.com/45832662/r/il/409414/8637853422/il_fullxfull.8637853422_iv7u.jpg,https://i.etsystatic.com/45832662/r/il/fc792b/8637853534/il_fullxfull.8637853534_fznq.jpg,https://i.etsystatic.com/45832662/r/il/00414d/8685672425/il_fullxfull.8685672425_osvy.jpg,https://i.etsystatic.com/45832662/r/il/339f54/8685672575/il_fullxfull.8685672575_mghz.jpg,https://i.etsystatic.com/45832662/r/il/cacc8d/8637853964/il_fullxfull.8637853964_cmnm.jpg",24.99 AUD,in stock,new,Mirrors Fine Art,Printable wall art set
4590379492,Still Water at the Pier - Black and White - Fine Art Print,"An original photograph by Alan and Carolina, taken with a real camera. Every size listed prints sharp, and the larger formats are best viewed from around two feet, the distance a framed print is normally seen from. A long wooden pier stretches out over still tidal water toward a small pavilion at its end, captured in quiet black and white. Low tide has exposed dark rocks scattered across the shallows, and the glassy surface holds a clear mirror image of the pier, its lamp posts and the soft clouds drifting overhead. A wooded headland rests on the horizon, closing the scene with a gentle dark shape against the pale sky. The monochrome tones give the photograph a calm, timeless feel, with rich blacks, clean whites and a full range of silvery greys in between. It is a coastal image that leans toward stillness rather than drama, the kind of view that slows a room down. Hang it in a living room or bedroom for a restful focal point, or in a hallway, study or bathroom where a touch of the seaside works well. It sits easily alongside minimalist, Scandinavian, industrial and modern coastal interiors, and pairs nicely with other black and white photography in a gallery wall. A thoughtful gift for anyone who loves the sea, quiet mornings by the shore, or classic monochrome photography. WHAT YOU RECEIVE Instant digital download. High resolution JPG files at 300 DPI covering a wide range of print sizes, in both inches and centimetres. Nothing is posted to you. ABOUT THE PHOTOS The room photographs are mockups. Frames, mats, furniture and accessories are not included and are shown only to suggest how the print might look. The print is sized to approximate scale in each room, but it is an illustration, not a measurement. Please measure your own wall and choose the size that suits it. COLOUR Screens and printers vary, so the printed colour may differ a little from what you see here.",https://kirwana.github.io/p/4590379492.html,https://i.etsystatic.com/45832662/r/il/c20898/8637748120/il_fullxfull.8637748120_7xhe.jpg,"https://i.etsystatic.com/45832662/r/il/802bff/8685567571/il_fullxfull.8685567571_n5ok.jpg,https://i.etsystatic.com/45832662/r/il/b281c3/8685567689/il_fullxfull.8685567689_c8mr.jpg,https://i.etsystatic.com/45832662/r/il/7568a9/8637748486/il_fullxfull.8637748486_9iov.jpg,https://i.etsystatic.com/45832662/r/il/d0492c/8637748660/il_fullxfull.8637748660_fnvy.jpg,https://i.etsystatic.com/45832662/r/il/26115b/8685568069/il_fullxfull.8685568069_47j3.jpg",9.99 AUD,in stock,new,Mirrors Fine Art,Printable wall art
4588380120,Silence of the Altiplano - Digital Download - Bolivia,"An original photograph by Alan and Carolina, taken with a real camera. Every size listed prints sharp, and the larger formats are best viewed from around two feet, the distance a framed print is normally seen from. A lone volcano rises above the high Bolivian altiplano in this black and white landscape photograph. Tufts of wild ichu grass catch the hard mountain light across a stony plain, while the peak stands pale against a deep, almost black sky. The scene is quiet and spacious. The stark contrast of high altitude air gives every rock and blade of grass a crisp, sculpted edge. The wide panoramic format leads the eye from the textured grasses in the foreground, across the open desert, to the mountain on the horizon. It creates a strong sense of distance and calm. This print brings stillness and scale to a room. It sits naturally above a sofa, bed or sideboard. Its monochrome palette works with almost any colour scheme, from warm wood and natural textures to clean modern interiors. It suits a living room, bedroom, study or hallway, and makes a thoughtful gift for travellers, hikers and anyone who has fallen for the Andes or the wild places of South America. WHAT YOU RECEIVE Instant digital download. High resolution JPG files at 300 DPI covering a wide range of print sizes, in both inches and centimetres. Nothing is posted to you. ABOUT THE PHOTOS The room photographs are mockups. Frames, mats, furniture and accessories are not included and are shown only to suggest how the print might look. The print is sized to approximate scale in each room, but it is an illustration, not a measurement. Please measure your own wall and choose the size that suits it. COLOUR Screens and printers vary, so the printed colour may differ a little from what you see here.",https://kirwana.github.io/p/4588380120.html,https://i.etsystatic.com/45832662/r/il/1c8288/8670137953/il_fullxfull.8670137953_4bv3.jpg,"https://i.etsystatic.com/45832662/r/il/99a547/8670138107/il_fullxfull.8670138107_eh5q.jpg,https://i.etsystatic.com/45832662/r/il/35d088/8622317584/il_fullxfull.8622317584_epwx.jpg,https://i.etsystatic.com/45832662/r/il/f52a31/8622317678/il_fullxfull.8622317678_mh6w.jpg,https://i.etsystatic.com/45832662/r/il/242676/8670138493/il_fullxfull.8670138493_nmdj.jpg,https://i.etsystatic.com/45832662/r/il/8f2090/8670138625/il_fullxfull.8670138625_o1nc.jpg",9.99 AUD,in stock,new,Mirrors Fine Art,Printable wall art
4588033709,Bolivian Altiplano - Volcano - Salt Flat - Digital Download,"An original photograph by Alan and Carolina, taken with a real camera. Every size listed prints sharp, and the larger formats are best viewed from around two feet, the distance a framed print is normally seen from. A lone volcano rises above a silent salt flat on the Bolivian Altiplano in this black and white landscape photograph. Its snow-dusted summit catches the high-altitude light against a deep, darkening sky, while the cracked mineral crust of the plain leads the eye from swirling dark channels in the foreground towards small white mounds and the distant peak. The monochrome treatment strips the scene back to form, texture and tone, giving it a quiet, timeless feel that recalls classic fine art landscape photography. Rich blacks and soft silvery greys make it a calm, grounding presence on the wall. Hang it in a living room, study or hallway where a minimalist or modern interior needs a strong focal point, or pair it with other monochrome prints for a gallery wall. It sits comfortably alongside neutral palettes, natural wood, concrete and linen. A thoughtful gift for travellers, hikers, mountain lovers and anyone who has fallen for the wild, empty spaces of South America. WHAT YOU RECEIVE Instant digital download. High resolution JPG files at 300 DPI covering a wide range of print sizes, in both inches and centimetres. Nothing is posted to you. ABOUT THE PHOTOS The room photographs are mockups. Frames, mats, furniture and accessories are not included and are shown only to suggest how the print might look. The print is sized to approximate scale in each room, but it is an illustration, not a measurement. Please measure your own wall and choose the size that suits it. COLOUR Screens and printers vary, so the printed colour may differ a little from what you see here.",https://kirwana.github.io/p/4588033709.html,https://i.etsystatic.com/45832662/r/il/517f41/8667480753/il_fullxfull.8667480753_mj1m.jpg,"https://i.etsystatic.com/45832662/r/il/f76498/8619658254/il_fullxfull.8619658254_s6f7.jpg,https://i.etsystatic.com/45832662/r/il/6d9e49/8619658450/il_fullxfull.8619658450_cmsx.jpg,https://i.etsystatic.com/45832662/r/il/82b869/8667481601/il_fullxfull.8667481601_pisw.jpg,https://i.etsystatic.com/45832662/r/il/85cd39/8619658818/il_fullxfull.8619658818_5av9.jpg,https://i.etsystatic.com/45832662/r/il/87158d/8667481959/il_fullxfull.8667481959_gfa0.jpg",14.99 AUD,in stock,new,Mirrors Fine Art,Printable wall art
4587715075,Pisac Citadel Under Storm Clouds,"An original photograph by Alan and Carolina, taken with a real camera. Every size listed prints sharp, and the larger formats are best viewed from around two feet, the distance a framed print is normally seen from. A dramatic black and white photograph of the Inca citadel at Pisac, high above the Sacred Valley in Peru. Ancient stone walls sit on top of a steep hill, and terraced steps climb toward them from the foreground. Heavy clouds roll across the sky and the rugged Andes rise behind, giving the scene a timeless, almost cinematic weight. The monochrome finish brings out every texture: the fitted stonework, the curve of the farming terraces, the wild scrub on the slopes and the folds of the distant mountains. It is a picture about history, endurance and the quiet grandeur of the high Andes. This print suits a modern living room, a study or a hallway gallery wall, where its strong contrast works well with neutral, industrial or minimalist interiors. It sits comfortably beside other black and white photography and adds a sense of travel and adventure to an office or reading nook. It makes a thoughtful gift for anyone who has walked the Sacred Valley, dreams of visiting Peru, or loves archaeology, ancient civilisations and mountain landscapes. WHAT YOU RECEIVE Instant digital download. High resolution JPG files at 300 DPI covering a wide range of print sizes, in both inches and centimetres. Nothing is posted to you. ABOUT THE PHOTOS The room photographs are mockups. Frames, mats, furniture and accessories are not included and are shown only to suggest how the print might look. The print is sized to approximate scale in each room, but it is an illustration, not a measurement. Please measure your own wall and choose the size that suits it. COLOUR Screens and printers vary, so the printed colour may differ a little from what you see here.",https://kirwana.github.io/p/4587715075.html,https://i.etsystatic.com/45832662/r/il/091f5d/8617213768/il_fullxfull.8617213768_flp3.jpg,"https://i.etsystatic.com/45832662/r/il/3e960b/8665039703/il_fullxfull.8665039703_ol5j.jpg,https://i.etsystatic.com/45832662/r/il/bb1f68/8665039775/il_fullxfull.8665039775_76ve.jpg,https://i.etsystatic.com/45832662/r/il/291ce5/8665039859/il_fullxfull.8665039859_cf39.jpg,https://i.etsystatic.com/45832662/r/il/adc927/8617214038/il_fullxfull.8617214038_o1i4.jpg,https://i.etsystatic.com/45832662/r/il/79ac77/8665040035/il_fullxfull.8665040035_s6mb.jpg",9.99 AUD,in stock,new,Mirrors Fine Art,Printable wall art
4587705268,Machu Picchu - Guardhouse - Morning Light,"An original photograph by Alan and Carolina, taken with a real camera. Every size listed prints sharp, and the larger formats are best viewed from around two feet, the distance a framed print is normally seen from. Morning light breaks over the Andes and pours through the ancient stone terraces of Machu Picchu in this black and white photograph. Beams of sunlight cut across the valley, catching the thatched Guardhouse perched on the terrace walls, while jagged peaks fade into layers of mist behind it. The rich tonal range, from deep shadowed stonework to glowing rays, gives the image a quiet, timeless drama. This monochrome print brings a sense of calm and adventure to any space. It sits beautifully in a living room, study or hallway, and pairs easily with modern, minimalist, rustic or industrial decor. The neutral greys work with almost any colour scheme, making it a simple way to add depth to a gallery wall or anchor a large empty wall on its own. A thoughtful gift for travellers, hikers and anyone who has walked the Inca Trail or dreams of visiting Peru, it is a lasting reminder of one of the great wonders of the world. WHAT YOU RECEIVE Instant digital download. High resolution JPG files at 300 DPI covering a wide range of print sizes, in both inches and centimetres. Nothing is posted to you. ABOUT THE PHOTOS The room photographs are mockups. Frames, mats, furniture and accessories are not included and are shown only to suggest how the print might look. The print is sized to approximate scale in each room, but it is an illustration, not a measurement. Please measure your own wall and choose the size that suits it. COLOUR Screens and printers vary, so the printed colour may differ a little from what you see here.",https://kirwana.github.io/p/4587705268.html,https://i.etsystatic.com/45832662/r/il/4f7b70/8617095546/il_fullxfull.8617095546_tthl.jpg,"https://i.etsystatic.com/45832662/r/il/708837/8617095632/il_fullxfull.8617095632_me80.jpg,https://i.etsystatic.com/45832662/r/il/f0be78/8617095690/il_fullxfull.8617095690_rqgi.jpg,https://i.etsystatic.com/45832662/r/il/5cc26a/8617095798/il_fullxfull.8617095798_m1zl.jpg,https://i.etsystatic.com/45832662/r/il/6ecf65/8617095878/il_fullxfull.8617095878_diyv.jpg,https://i.etsystatic.com/45832662/r/il/8ab4de/8664922971/il_fullxfull.8664922971_7vki.jpg",14.99 AUD,in stock,new,Mirrors Fine Art,Printable wall art
4586378984,Stones of the Inca Set of 5 - Digital Download - Wall Art,"Original photographs by Alan and Carolina, taken with real cameras. Every size listed prints sharp, and the larger formats are best viewed from around two feet, the distance a framed print is normally seen from. Stones of the Inca is a series of five photographs of ancient terraces and mountain ruins in the Peruvian Andes. It is a set of 5 prints designed to hang together. They share the same shape and scale, so they line up neatly on a wall as one gallery arrangement. The whole set is about stone meeting mountain: dry-stone walls, stepped green terraces and weathered Inca masonry set against high Andean ridges. The palette is earthy and calm, with warm ochre stone, soft sage greens and slate blue skies. The mood is quiet and timeless, full of the scale and stillness of the high mountains. Together these prints bring a sense of travel, history and wide open space to a room. They suit a living room feature wall, a hallway gallery or a study, and they sit comfortably with natural wood, linen and terracotta. They make a thoughtful gift for anyone who has walked the Sacred Valley or dreams of visiting Peru. They are a grounding choice for anyone who loves landscape photography and ancient places. WHAT YOU RECEIVE Instant digital download. High resolution JPG files at 300 DPI covering a wide range of print sizes, in both inches and centimetres. Nothing is posted to you. ABOUT THE PHOTOS The room photographs are mockups. Frames, mats, furniture and accessories are not included and are shown only to suggest how the print might look. The print is sized to approximate scale in each room, but it is an illustration, not a measurement. Please measure your own wall and choose the size that suits it. COLOUR Screens and printers vary, so the printed colour may differ a little from what you see here.",https://kirwana.github.io/p/4586378984.html,https://i.etsystatic.com/45832662/r/il/129f27/8607015642/il_fullxfull.8607015642_hpk8.jpg,"https://i.etsystatic.com/45832662/r/il/aa5068/8654849537/il_fullxfull.8654849537_6w2j.jpg,https://i.etsystatic.com/45832662/r/il/83029b/8607015796/il_fullxfull.8607015796_l66z.jpg,https://i.etsystatic.com/45832662/r/il/86aebe/8654849735/il_fullxfull.8654849735_g427.jpg,https://i.etsystatic.com/45832662/r/il/f4dcfe/8654849827/il_fullxfull.8654849827_sppl.jpg,https://i.etsystatic.com/45832662/r/il/1f47d0/8607016106/il_fullxfull.8607016106_d6l4.jpg",39.99 AUD,in stock,new,Mirrors Fine Art,Printable wall art set
4586242698,Franz Josef Glacier - Set of 2 - Digital Download,"Original photographs by Alan and Carolina, taken with real cameras. Every size listed prints sharp, and the larger formats are best viewed from around two feet, the distance a framed print is normally seen from. A pair of photographs of glacial ice and mountain snow, these prints are a set of 2 designed to hang together. They share the same shape and scale, so they line up neatly side by side on a wall. Together they capture the raw drama of high mountain ice: fractured seracs in pale glacial blue, fresh snow over dark rock, and soft overcast light that keeps every crease and crevasse crisp. The palette is cool and restrained, with icy blues, clean whites and charcoal greys, giving the set a calm yet powerful mood. These prints bring a sense of space and quiet to a living room, bedroom or home office, and suit minimalist, Scandinavian and modern interiors where a cool, airy palette works well. Hung as a pair above a sofa, bed or console table, they make a gallery wall that feels considered rather than busy. They make a thoughtful gift for hikers, mountaineers, travellers and anyone who loves wild alpine landscapes and the natural world. WHAT YOU RECEIVE Instant digital download. High resolution JPG files at 300 DPI covering a wide range of print sizes, in both inches and centimetres. Nothing is posted to you. ABOUT THE PHOTOS The room photographs are mockups. Frames, mats, furniture and accessories are not included and are shown only to suggest how the print might look. The print is sized to approximate scale in each room, but it is an illustration, not a measurement. Please measure your own wall and choose the size that suits it. COLOUR Screens and printers vary, so the printed colour may differ a little from what you see here.",https://kirwana.github.io/p/4586242698.html,https://i.etsystatic.com/45832662/r/il/97a728/8653720649/il_fullxfull.8653720649_5aqy.jpg,"https://i.etsystatic.com/45832662/r/il/1116b0/8605883468/il_fullxfull.8605883468_pi65.jpg,https://i.etsystatic.com/45832662/r/il/341d67/8605883538/il_fullxfull.8605883538_5yte.jpg,https://i.etsystatic.com/45832662/r/il/bf73ba/8653720839/il_fullxfull.8653720839_pwdx.jpg,https://i.etsystatic.com/45832662/r/il/8dc9c0/8605883640/il_fullxfull.8605883640_hrnb.jpg,https://i.etsystatic.com/45832662/r/il/8bda44/8653720951/il_fullxfull.8653720951_261h.jpg",16.99 AUD,in stock,new,Mirrors Fine Art,Printable wall art set
4586234900,Red Heart Leaves Printable Greeting Card,"An original photograph by Alan and Carolina, taken with a real camera, made into a folded greeting card you print yourself. A small branch reaches across a soft, blurred green background. It holds four glowing crimson leaves, and the largest is a perfect natural heart. Light shines through the leaves and shows every fine vein in deep reds and warm orange. The result is a quiet, simple image full of warmth. This original photograph shows a heart that nature made, which suits Valentine's Day, anniversaries and love notes. It also works for a simple thinking of you or just because message to someone special. Gardeners, nature lovers and anyone who loves autumn colour will enjoy it too. Inside is a light pencil sketch of the leaves with plenty of room for your own words. Because the card is blank, it fits a birthday, a thank you or a quiet note of affection. WHAT YOU RECEIVE Instant digital download, five files. Nothing is posted to you. - Home print PDFs for A4 and US Letter, with cut and fold marks - A print-shop PDF at full size with 3 mm bleed - JPG images for online card printers: the front, inside and back as separate images, as most card-printing sites ask for, plus the flat sheets - A one-page printing guide THE CARD A 150 mm square (5.9 in) card, folded at the side, with a pencil sketch and room inside for your own message. At home it prints at 136 mm square (5.4 in) on A4 and 127 mm square (5 in) on US Letter, a little smaller than full size, because opened out it is wider than the paper; a print shop prints the full 150 mm square (5.9 in). PRINTING At home: 200 to 300 gsm card, printed at Actual size (100%), two-sided, flipping on the short edge; then cut on the marks, score and fold. At a print shop: upload the print-shop PDF and order a 150 mm square (5.9 in) folded card, scored, on 300 to 350 gsm card. With an online card printer: upload the front, inside and back images from the zip; its README says which is which. ABOUT THE PHOTOS The table scenes are mockups to show the card; the props are not included. COLOUR Screens and printers vary, so the printed colour may differ a little from what you see here. PERSONAL USE Print as many cards as you like to send yourself. Please don't share or resell the files or the printed cards.",https://kirwana.github.io/p/4586234900.html,https://i.etsystatic.com/45832662/r/il/acd8b0/8653661741/il_fullxfull.8653661741_mkbh.jpg,"https://i.etsystatic.com/45832662/r/il/223a47/8605824752/il_fullxfull.8605824752_pb60.jpg,https://i.etsystatic.com/45832662/r/il/df5922/8653661933/il_fullxfull.8653661933_o7mq.jpg,https://i.etsystatic.com/45832662/r/il/29c74d/8653661993/il_fullxfull.8653661993_e31q.jpg,https://i.etsystatic.com/45832662/r/il/09dd10/8605824956/il_fullxfull.8605824956_j4zy.jpg,https://i.etsystatic.com/45832662/r/il/189a4c/8605825044/il_fullxfull.8605825044_nzqy.jpg",4.99 AUD,in stock,new,Mirrors Fine Art,Printable greeting card
4586230309,Hoverfly and Flowers Printable Greeting Card,"An original photograph by Alan and Carolina, taken with a real camera, made into a folded greeting card you print yourself. A hoverfly rests on a cluster of delicate white spring flowers in this original close-up photograph. Its black and yellow striped body and lace-like wings stand out against soft petals with sunny yellow centres. Behind them, a blurred green garden background holds a few gentle hints of pink. The colours are fresh and bright, and the photograph has the calm, sunlit feel of a quiet morning in the garden. Inside, a light pencil sketch of the scene sits beside plenty of space for your own words. The card is left blank, so it works for many occasions. Send it for a birthday, as a thank you, or just because. It would suit gardeners, wildlife watchers and anyone who loves bees, insects and wildflowers, and it makes a thoughtful note for a nature lover in spring or summer. WHAT YOU RECEIVE Instant digital download, five files. Nothing is posted to you. - Home print PDFs for A4 and US Letter, with cut and fold marks - A print-shop PDF at full size with 3 mm bleed - JPG images for online card printers: the front, inside and back as separate images, as most card-printing sites ask for, plus the flat sheets - A one-page printing guide THE CARD A 150 mm square (5.9 in) card, folded at the side, with a pencil sketch and room inside for your own message. At home it prints at 136 mm square (5.4 in) on A4 and 127 mm square (5 in) on US Letter, a little smaller than full size, because opened out it is wider than the paper; a print shop prints the full 150 mm square (5.9 in). PRINTING At home: 200 to 300 gsm card, printed at Actual size (100%), two-sided, flipping on the short edge; then cut on the marks, score and fold. At a print shop: upload the print-shop PDF and order a 150 mm square (5.9 in) folded card, scored, on 300 to 350 gsm card. With an online card printer: upload the front, inside and back images from the zip; its README says which is which. ABOUT THE PHOTOS The table scenes are mockups to show the card; the props are not included. COLOUR Screens and printers vary, so the printed colour may differ a little from what you see here. PERSONAL USE Print as many cards as you like to send yourself. Please don't share or resell the files or the printed cards.",https://kirwana.github.io/p/4586230309.html,https://i.etsystatic.com/45832662/r/il/de19d7/8653653455/il_fullxfull.8653653455_r8yl.jpg,"https://i.etsystatic.com/45832662/r/il/f0d8de/8653653531/il_fullxfull.8653653531_wr5g.jpg,https://i.etsystatic.com/45832662/r/il/1d51df/8605816360/il_fullxfull.8605816360_tmwe.jpg,https://i.etsystatic.com/45832662/r/il/9a6452/8653653635/il_fullxfull.8653653635_gwcw.jpg,https://i.etsystatic.com/45832662/r/il/e6e262/8605816464/il_fullxfull.8605816464_1lun.jpg,https://i.etsystatic.com/45832662/r/il/1e3b22/8653653757/il_fullxfull.8653653757_547f.jpg",4.99 AUD,in stock,new,Mirrors Fine Art,Printable greeting card
4585504904,Still Waters Set of 4 - Black and White - Digital Downloads - Galley set,"Original photographs by Alan and Carolina, taken with real cameras. Every size listed prints sharp, and the larger formats are best viewed from around two feet, the distance a framed print is normally seen from. Still Waters in Monochrome is a series of four black and white photographs sold together as a set of 4 prints designed to hang together. They share the same shape and scale, so they line up neatly on a wall as a matched gallery grouping. Across the set, calm water and soft grey skies set the mood. The prints are rendered in a quiet tonal range from deep charcoal to pale silver, with gentle reflections and open space that give the eye somewhere to rest. Water is seen at its most still, and the series feels unhurried and reflective. Hung in a row or a grid, these prints bring a calm, understated presence to a living room, bedroom or hallway. The neutral black and white palette sits easily with modern, Scandinavian, coastal and minimalist interiors, and works alongside wood, linen, stone and brass. They suit a home office or reading corner too, where a restful view helps the day slow down. The set also makes a thoughtful housewarming gift for someone who loves the water or anyone drawn to classic monochrome photography. WHAT YOU RECEIVE Instant digital download. High resolution JPG files at 300 DPI covering a wide range of print sizes, in both inches and centimetres. Nothing is posted to you. ABOUT THE PHOTOS The room photographs are mockups. Frames, mats, furniture and accessories are not included and are shown only to suggest how the print might look. The print is sized to approximate scale in each room, but it is an illustration, not a measurement. Please measure your own wall and choose the size that suits it. COLOUR Screens and printers vary, so the printed colour may differ a little from what you see here.",https://kirwana.github.io/p/4585504904.html,https://i.etsystatic.com/45832662/r/il/530377/8648062501/il_fullxfull.8648062501_cbny.jpg,"https://i.etsystatic.com/45832662/r/il/53e412/8648062565/il_fullxfull.8648062565_21fi.jpg,https://i.etsystatic.com/45832662/r/il/248c64/8600223734/il_fullxfull.8600223734_3aq5.jpg,https://i.etsystatic.com/45832662/r/il/aed269/8600223770/il_fullxfull.8600223770_p844.jpg,https://i.etsystatic.com/45832662/r/il/fb08f6/8600223806/il_fullxfull.8600223806_1zrh.jpg,https://i.etsystatic.com/45832662/r/il/2b6baa/8648062767/il_fullxfull.8648062767_j9qv.jpg",38.99 AUD,in stock,new,Mirrors Fine Art,Printable wall art set
4585426250,Flamingos Under the Volcano - Digital Download Wall Art - Black and White,"An original photograph by Alan and Carolina, taken with a real camera. Every size listed prints sharp, and the larger formats are best viewed from around two feet, the distance a framed print is normally seen from. A striking black and white photograph capturing a flock of flamingos wading through the mirrored shallows of a high altiplano lagoon, with a towering volcano rising behind them under a deep, dramatic sky. The stillness of the water perfectly reflects both the birds and the mountain, creating a serene symmetry that feels both vast and intimate. This image blends the quiet elegance of wildlife photography with the raw grandeur of landscape art, making it a striking addition to living rooms, offices, reading nooks, or any space that calls for a touch of natural drama. The high contrast tones and timeless monochrome palette allow it to complement both modern minimalist interiors and more classic, earthy decor styles. Whether you are drawn to it for its serene subject matter or its powerful composition, this piece brings a sense of calm wilderness into any room. It also makes a thoughtful gift for travelers, nature lovers, bird watchers, or anyone who appreciates fine art photography with a story to tell. [""digital photograph"",""fine art print"",""digital download""] WHAT YOU RECEIVE Instant digital download. High resolution JPG files at 300 DPI covering a wide range of print sizes, in both inches and centimetres. Nothing is posted to you. ABOUT THE PHOTOS The room photographs are mockups. Frames, mats, furniture and accessories are not included and are shown only to suggest how the print might look. The print is sized to approximate scale in each room, but it is an illustration, not a measurement. Please measure your own wall and choose the size that suits it. COLOUR Screens and printers vary, so the printed colour may differ a little from what you see here.",https://kirwana.github.io/p/4585426250.html,https://i.etsystatic.com/45832662/r/il/d9e63a/8599623838/il_fullxfull.8599623838_me80.jpg,"https://i.etsystatic.com/45832662/r/il/6b6221/8599623902/il_fullxfull.8599623902_7fva.jpg,https://i.etsystatic.com/45832662/r/il/d9f0eb/8647463013/il_fullxfull.8647463013_3f4c.jpg,https://i.etsystatic.com/45832662/r/il/768352/8647463065/il_fullxfull.8647463065_igy4.jpg,https://i.etsystatic.com/45832662/r/il/f27411/8599624114/il_fullxfull.8599624114_8p97.jpg,https://i.etsystatic.com/45832662/r/il/553012/8599624206/il_fullxfull.8599624206_car6.jpg",9.99 AUD,in stock,new,Mirrors Fine Art,Printable wall art
4585399107,Cliffside Haze - Black and White - Digital download,"An original photograph by Alan and Carolina, taken with a real camera. Every size listed prints sharp, and the larger formats are best viewed from around two feet, the distance a framed print is normally seen from. A dramatic black and white coastal photograph capturing sandstone cliffs rising above a misty ocean. Layered rock formations catch the fading light while a soft haze rolls across the horizon, blurring the line between sea and sky. Waves crash quietly at the base of the cliffs, adding a sense of movement to the still, moody scene. The high contrast tones and timeless monochrome palette make this print a striking addition to any coastal, minimalist, or modern interior. It brings a quiet, contemplative energy to living rooms, bedrooms, offices, or reading nooks, pairing beautifully with neutral color schemes and natural textures like wood and linen. This atmospheric seascape works well as a solo statement piece or as part of a curated gallery wall alongside other nature and travel photography. It also makes a thoughtful gift for anyone who loves the ocean, dramatic landscapes, or classic black and white imagery. Instantly downloadable and ready to print at home or through your favorite print shop. WHAT YOU RECEIVE Instant digital download. High resolution JPG files at 300 DPI covering a wide range of print sizes, in both inches and centimetres. Nothing is posted to you. ABOUT THE PHOTOS The room photographs are mockups. Frames, mats, furniture and accessories are not included and are shown only to suggest how the print might look. The print is sized to approximate scale in each room, but it is an illustration, not a measurement. Please measure your own wall and choose the size that suits it. COLOUR Screens and printers vary, so the printed colour may differ a little from what you see here.",https://kirwana.github.io/p/4585399107.html,https://i.etsystatic.com/45832662/r/il/5166cb/8647318843/il_fullxfull.8647318843_t1qd.jpg,"https://i.etsystatic.com/45832662/r/il/b4e382/8647318883/il_fullxfull.8647318883_j6gb.jpg,https://i.etsystatic.com/45832662/r/il/3c330a/8599480440/il_fullxfull.8599480440_e7wa.jpg,https://i.etsystatic.com/45832662/r/il/193fbf/8647319025/il_fullxfull.8647319025_gbe7.jpg,https://i.etsystatic.com/45832662/r/il/b7b77b/8647319195/il_fullxfull.8647319195_auzv.jpg,https://i.etsystatic.com/45832662/r/il/1eee47/8599480772/il_fullxfull.8599480772_hm65.jpg",9.99 AUD,in stock,new,Mirrors Fine Art,Printable wall art
4578943013,"Salar de Uyuni Black and White Print, Minimalist Salt Flats Wall Art (Digital Download)","An original photograph by Alan and Carolina, taken with a real camera. Every size listed prints sharp, and the larger formats are best viewed from around two feet, the distance a framed print is normally seen from. A vast salt flat stretches toward a distant volcanic mountain range beneath a dark, moody sky. The cracked salt crust forms natural hexagonal patterns across the foreground, leading the eye toward the silhouetted peaks on the horizon. Captured in striking black and white, this image captures the stark beauty and quiet grandeur of one of the world's most surreal landscapes. This minimalist landscape print brings a sense of calm and scale to any room. The high contrast tones and geometric textures make it a striking addition to a living room, office, or bedroom wall, pairing beautifully with modern, Scandinavian, or minimalist decor styles. Its timeless monochrome palette works with nearly any color scheme, adding depth and quiet drama without overwhelming a space. Perfect as a statement piece above a sofa or as part of a curated gallery wall, this print also makes a thoughtful gift for travelers, photography lovers, or anyone drawn to natural wonders and wide open spaces. WHAT YOU RECEIVE Instant digital download. High resolution JPG files at 300 DPI covering a wide range of print sizes, in both inches and centimetres. Nothing is posted to you. ABOUT THE PHOTOS The room photographs are mockups. Frames, mats, furniture and accessories are not included and are shown only to suggest how the print might look. The print is sized to approximate scale in each room, but it is an illustration, not a measurement. Please measure your own wall and choose the size that suits it. COLOUR Screens and printers vary, so the printed colour may differ a little from what you see here.",https://kirwana.github.io/p/4578943013.html,https://i.etsystatic.com/45832662/r/il/99cbce/8558977360/il_fullxfull.8558977360_h843.jpg,"https://i.etsystatic.com/45832662/r/il/35e80a/8558977474/il_fullxfull.8558977474_oy2o.jpg,https://i.etsystatic.com/45832662/r/il/a8687f/8558977622/il_fullxfull.8558977622_mqoi.jpg,https://i.etsystatic.com/45832662/r/il/ea3b51/8558977864/il_fullxfull.8558977864_gjm0.jpg,https://i.etsystatic.com/45832662/r/il/e64a18/8606832933/il_fullxfull.8606832933_ruzj.jpg,https://i.etsystatic.com/45832662/r/il/e835df/8558978352/il_fullxfull.8558978352_90mr.jpg",9.99 AUD,in stock,new,Mirrors Fine Art,Printable wall art
4584191565,Misty Waterfall Printable Greeting Card,"An original photograph by Alan and Carolina, taken with a real camera, made into a folded greeting card you print yourself. This card features an original photograph of a soft, misty waterfall spilling over dark, moss covered rocks into a quiet forest pool. Delicate leaves frame the top of the scene, and the water blurs into a gentle veil of white, capturing the calm and peace of a rainforest after rain. Inside is a light pencil sketch of the waterfall along with blank space for your own personal message, making this card suitable for any occasion you choose. It suits nature lovers, hikers, and anyone who finds comfort in quiet natural scenes. Perfect for a birthday, thank you note, sympathy message, or simply to let someone know you are thinking of them. The tranquil imagery makes it a thoughtful choice whenever words alone are not quite enough. WHAT YOU RECEIVE Instant digital download, five files. Nothing is posted to you. - Home print PDFs for A4 and US Letter, with cut and fold marks - A print-shop PDF at full size with 3 mm bleed - JPG images for online card printers: the front, inside and back as separate images, as most card-printing sites ask for, plus the flat sheets - A one-page printing guide THE CARD A 150 mm square (5.9 in) card, folded at the side, with a pencil sketch and room inside for your own message. At home it prints at 136 mm square (5.4 in) on A4 and 127 mm square (5 in) on US Letter, a little smaller than full size, because opened out it is wider than the paper; a print shop prints the full 150 mm square (5.9 in). PRINTING At home: 200 to 300 gsm card, printed at Actual size (100%), two-sided, flipping on the short edge; then cut on the marks, score and fold. At a print shop: upload the print-shop PDF and order a 150 mm square (5.9 in) folded card, scored, on 300 to 350 gsm card. With an online card printer: upload the front, inside and back images from the zip; its README says which is which. ABOUT THE PHOTOS The table scenes are mockups to show the card; the props are not included. COLOUR Screens and printers vary, so the printed colour may differ a little from what you see here. PERSONAL USE Print as many cards as you like to send yourself. Please don't share or resell the files or the printed cards.",https://kirwana.github.io/p/4584191565.html,https://i.etsystatic.com/45832662/r/il/3eb2e0/8590379274/il_fullxfull.8590379274_mhjy.jpg,"https://i.etsystatic.com/45832662/r/il/a69380/8590379366/il_fullxfull.8590379366_ff4l.jpg,https://i.etsystatic.com/45832662/r/il/b75445/8590379478/il_fullxfull.8590379478_jjtg.jpg,https://i.etsystatic.com/45832662/r/il/876696/8638224601/il_fullxfull.8638224601_ovh3.jpg,https://i.etsystatic.com/45832662/r/il/4dca2a/8638224701/il_fullxfull.8638224701_dhr0.jpg,https://i.etsystatic.com/45832662/r/il/67a5ca/8590379708/il_fullxfull.8590379708_goq6.jpg",16.99 AUD,in stock,new,Mirrors Fine Art,Printable greeting card
4583599802,Salt Flat Set of 4,"Original photographs by Alan and Carolina, taken with real cameras. Every size listed prints sharp, and the larger formats are best viewed from around two feet, the distance a framed print is normally seen from. A series of four matched prints capturing the pale, cracked surfaces of salt flats seen from above. Together they form a coherent set, sharing the same square shape and scale so they line up cleanly on a wall, whether hung in a grid or a row. Across the set the palette stays soft and neutral, all bone white and pale grey, with fine crystalline texture and the wandering lines of natural cracks giving each piece quiet movement. The mood is calm and meditative, closer to abstract minimalism than traditional landscape photography, and the four prints read as a single considered composition rather than separate scenes. This set suits contemporary and Scandinavian style interiors especially well, bringing texture and light without adding strong colour. Hang all four together above a sofa, along a hallway, or as a gallery cluster in a bedroom or reading nook for an instant sense of calm, natural texture. They also make a thoughtful gift for anyone who loves minimalist decor, natural forms, or quiet abstract wall art. [""digital photograph"",""digital download""] WHAT YOU RECEIVE Instant digital download. High resolution JPG files at 300 DPI covering a wide range of print sizes, in both inches and centimetres. Nothing is posted to you. ABOUT THE PHOTOS The room photographs are mockups. Frames, mats, furniture and accessories are not included and are shown only to suggest how the print might look. The print is sized to approximate scale in each room, but it is an illustration, not a measurement. Please measure your own wall and choose the size that suits it. COLOUR Screens and printers vary, so the printed colour may differ a little from what you see here.",https://kirwana.github.io/p/4583599802.html,https://i.etsystatic.com/45832662/r/il/bfe77f/8633601693/il_fullxfull.8633601693_6pfv.jpg,"https://i.etsystatic.com/45832662/r/il/e704a3/8585761834/il_fullxfull.8585761834_tb2h.jpg,https://i.etsystatic.com/45832662/r/il/cc33f0/8633601807/il_fullxfull.8633601807_en6d.jpg,https://i.etsystatic.com/45832662/r/il/421071/8633601901/il_fullxfull.8633601901_a9da.jpg,https://i.etsystatic.com/45832662/r/il/194f4b/8585762086/il_fullxfull.8585762086_4s2z.jpg,https://i.etsystatic.com/45832662/r/il/7fc0ee/8633602123/il_fullxfull.8633602123_eh5p.jpg",32.99 AUD,in stock,new,Mirrors Fine Art,Printable wall art set
4583590524,Desert Peaks Set of 2,"Original photographs by Alan and Carolina, taken with real cameras. Every size listed prints sharp, and the larger formats are best viewed from around two feet, the distance a framed print is normally seen from. A matched set of two black and white desert mountain photographs, designed to hang together as one striking gallery moment. Both prints share the same dramatic high contrast style, deep inky skies, and sunlit ridgelines, so they line up neatly on a wall in shape and scale. These images capture the raw, sculpted terrain of remote high altitude desert, where sharp light rakes across ancient slopes and volcanic peaks rise against near black skies. Scrubby tussocks and scattered stones in the foreground ground the compositions, while the mountains beyond feel almost lunar in their stillness and silence. Together, this set brings a bold, contemplative mood to any room. The stark tonal range and clean geometry suit modern, minimalist, and rustic interiors alike, making them a natural fit for a living room, office, reading nook, or entryway gallery wall. Hung side by side, they create a sense of vast open landscape and quiet grandeur. A striking choice for anyone drawn to travel, geology, or dramatic monochrome photography, and a thoughtful gift for nature lovers, hikers, or minimalist design enthusiasts. [""digital photograph"",""fine art print""] WHAT YOU RECEIVE Instant digital download. High resolution JPG files at 300 DPI covering a wide range of print sizes, in both inches and centimetres. Nothing is posted to you. ABOUT THE PHOTOS The room photographs are mockups. Frames, mats, furniture and accessories are not included and are shown only to suggest how the print might look. The print is sized to approximate scale in each room, but it is an illustration, not a measurement. Please measure your own wall and choose the size that suits it. COLOUR Screens and printers vary, so the printed colour may differ a little from what you see here.",https://kirwana.github.io/p/4583590524.html,https://i.etsystatic.com/45832662/r/il/8a7930/8633528653/il_fullxfull.8633528653_16w8.jpg,"https://i.etsystatic.com/45832662/r/il/ef56bd/8633528741/il_fullxfull.8633528741_lrcf.jpg,https://i.etsystatic.com/45832662/r/il/6bb1f0/8585688780/il_fullxfull.8585688780_9s63.jpg,https://i.etsystatic.com/45832662/r/il/5283b7/8633528929/il_fullxfull.8633528929_7j7p.jpg,https://i.etsystatic.com/45832662/r/il/e10891/8633529035/il_fullxfull.8633529035_d90h.jpg,https://i.etsystatic.com/45832662/r/il/022987/8585689052/il_fullxfull.8585689052_sqio.jpg",16.99 AUD,in stock,new,Mirrors Fine Art,Printable wall art set
4583514535,Peacock Printable Greeting Card,"An original photograph by Alan and Carolina, taken with a real camera, made into a folded greeting card you print yourself. This card features an original close-up photograph of a peacock, its iridescent blue neck and emerald feathers glowing against a soft, dreamy green background. The bird's crest and gentle gaze give the image a calm, elegant feel that suits nature lovers and bird enthusiasts alike. Inside, a light pencil sketch of the peacock adds a handmade touch, with plenty of blank space for your own personal message. Because the inside is left open, this card works beautifully for birthdays, thank you notes, encouragement, or simply a just because hello to someone who loves wildlife and beautiful color. Whether you are sending it to a bird lover, a nature enthusiast, or someone who simply appreciates striking photography, this peacock card brings a bit of natural elegance to any occasion, personal or celebratory. WHAT YOU RECEIVE Instant digital download, five files. Nothing is posted to you. - Home print PDFs for A4 and US Letter, with cut and fold marks - A print-shop PDF at full size with 3 mm bleed - JPG images for online card printers: the front, inside and back as separate images, as most card-printing sites ask for, plus the flat sheets - A one-page printing guide THE CARD A 150 mm square (5.9 in) card, folded at the side, with a pencil sketch and room inside for your own message. At home it prints at 136 mm square (5.4 in) on A4 and 127 mm square (5 in) on US Letter, a little smaller than full size, because opened out it is wider than the paper; a print shop prints the full 150 mm square (5.9 in). PRINTING At home: 200 to 300 gsm card, printed at Actual size (100%), two-sided, flipping on the short edge; then cut on the marks, score and fold. At a print shop: upload the print-shop PDF and order a 150 mm square (5.9 in) folded card, scored, on 300 to 350 gsm card. With an online card printer: upload the front, inside and back images from the zip; its README says which is which. ABOUT THE PHOTOS The table scenes are mockups to show the card; the props are not included. COLOUR Screens and printers vary, so the printed colour may differ a little from what you see here. PERSONAL USE Print as many cards as you like to send yourself. Please don't share or resell the files or the printed cards.",https://kirwana.github.io/p/4583514535.html,https://i.etsystatic.com/45832662/r/il/abb079/8633019665/il_fullxfull.8633019665_li7w.jpg,"https://i.etsystatic.com/45832662/r/il/e9a3ee/8633019713/il_fullxfull.8633019713_2ps2.jpg,https://i.etsystatic.com/45832662/r/il/646828/8585473414/il_fullxfull.8585473414_rfiy.jpg,https://i.etsystatic.com/45832662/r/il/b164fa/8633019769/il_fullxfull.8633019769_crx7.jpg,https://i.etsystatic.com/45832662/r/il/9e1300/8585177516/il_fullxfull.8585177516_gouw.jpg,https://i.etsystatic.com/45832662/r/il/67b869/8633019835/il_fullxfull.8633019835_nqf4.jpg",4.99 AUD,in stock,new,Mirrors Fine Art,Printable greeting card
4583507117,Dahlia Bloom Printable Greeting Card,"An original photograph by Alan and Carolina, taken with a real camera, made into a folded greeting card you print yourself. This card features a striking black and white photograph of a dahlia in full bloom, its layered petals catching the light with delicate droplets of dew still clinging to their surface. The dark background makes the flower glow, giving the image a moody, timeless quality that feels both elegant and intimate. Inside is a light pencil sketch of the same dahlia, leaving space for your own handwritten message. Because the card carries no printed greeting, it suits nearly any occasion, a birthday, thank you note, thinking of you card, or simply a thoughtful just because gesture. It is a lovely choice for flower lovers, gardeners and anyone who appreciates fine art photography. The rich contrast and natural detail make it a keepsake worthy of framing after the message inside has been read and treasured. WHAT YOU RECEIVE Instant digital download, five files. Nothing is posted to you. - Home print PDFs for A4 and US Letter, with cut and fold marks - A print-shop PDF at full size with 3 mm bleed - JPG images for online card printers: the front, inside and back as separate images, as most card-printing sites ask for, plus the flat sheets - A one-page printing guide THE CARD A 150 mm square (5.9 in) card, folded at the side, with a pencil sketch and room inside for your own message. At home it prints at 136 mm square (5.4 in) on A4 and 127 mm square (5 in) on US Letter, a little smaller than full size, because opened out it is wider than the paper; a print shop prints the full 150 mm square (5.9 in). PRINTING At home: 200 to 300 gsm card, printed at Actual size (100%), two-sided, flipping on the short edge; then cut on the marks, score and fold. At a print shop: upload the print-shop PDF and order a 150 mm square (5.9 in) folded card, scored, on 300 to 350 gsm card. With an online card printer: upload the front, inside and back images from the zip; its README says which is which. ABOUT THE PHOTOS The table scenes are mockups to show the card; the props are not included. COLOUR Screens and printers vary, so the printed colour may differ a little from what you see here. PERSONAL USE Print as many cards as you like to send yourself. Please don't share or resell the files or the printed cards.",https://kirwana.github.io/p/4583507117.html,https://i.etsystatic.com/45832662/r/il/23f005/8585196664/il_fullxfull.8585196664_l85l.jpg,"https://i.etsystatic.com/45832662/r/il/491043/8633039207/il_fullxfull.8633039207_8guc.jpg,https://i.etsystatic.com/45832662/r/il/3fd9d3/8633313423/il_fullxfull.8633313423_ihr6.jpg,https://i.etsystatic.com/45832662/r/il/e07af9/8585196836/il_fullxfull.8585196836_8yxl.jpg,https://i.etsystatic.com/45832662/r/il/4c435b/8633039357/il_fullxfull.8633039357_2wg1.jpg,https://i.etsystatic.com/45832662/r/il/b9a045/8633039401/il_fullxfull.8633039401_gu58.jpg",4.99 AUD,in stock,new,Mirrors Fine Art,Printable greeting card
4583517180,Raven on Tree Stump Printable Card,"An original photograph by Alan and Carolina, taken with a real camera, made into a folded greeting card you print yourself. This card features a striking black and white photograph of a raven perched on a weathered tree stump, its sharp eye and curved beak captured in fine detail against a softly blurred forest background. The textured bark and moody lighting give the image a timeless, painterly quality that celebrates the quiet power of this often misunderstood bird. Inside, a light pencil sketch of the raven echoes the cover art, leaving space for your own personal message. Its versatile design suits many occasions, from a birthday or thank you note to a simple just because card for the nature lover, bird watcher or animal photography enthusiast in your life. Whether sent to a fellow birder or someone who loves striking wildlife imagery, this card offers a memorable way to share a moment of quiet, wild beauty. WHAT YOU RECEIVE Instant digital download, five files. Nothing is posted to you. - Home print PDFs for A4 and US Letter, with cut and fold marks - A print-shop PDF at full size with 3 mm bleed - JPG images for online card printers: the front, inside and back as separate images, as most card-printing sites ask for, plus the flat sheets - A one-page printing guide THE CARD A 150 mm square (5.9 in) card, folded at the side, with a pencil sketch and room inside for your own message. At home it prints at 136 mm square (5.4 in) on A4 and 127 mm square (5 in) on US Letter, a little smaller than full size, because opened out it is wider than the paper; a print shop prints the full 150 mm square (5.9 in). PRINTING At home: 200 to 300 gsm card, printed at Actual size (100%), two-sided, flipping on the short edge; then cut on the marks, score and fold. At a print shop: upload the print-shop PDF and order a 150 mm square (5.9 in) folded card, scored, on 300 to 350 gsm card. With an online card printer: upload the front, inside and back images from the zip; its README says which is which. ABOUT THE PHOTOS The table scenes are mockups to show the card; the props are not included. COLOUR Screens and printers vary, so the printed colour may differ a little from what you see here. PERSONAL USE Print as many cards as you like to send yourself. Please don't share or resell the files or the printed cards.",https://kirwana.github.io/p/4583517180.html,https://i.etsystatic.com/45832662/r/il/baaa51/8585197576/il_fullxfull.8585197576_1p38.jpg,"https://i.etsystatic.com/45832662/r/il/1ee3a8/8585197626/il_fullxfull.8585197626_sdfz.jpg,https://i.etsystatic.com/45832662/r/il/655b15/8585472288/il_fullxfull.8585472288_qp40.jpg,https://i.etsystatic.com/45832662/r/il/6901ca/8585197718/il_fullxfull.8585197718_eh8g.jpg,https://i.etsystatic.com/45832662/r/il/ac06a5/8585197758/il_fullxfull.8585197758_k4wa.jpg,https://i.etsystatic.com/45832662/r/il/307289/8633040267/il_fullxfull.8633040267_a0ve.jpg",4.99 AUD,in stock,new,Mirrors Fine Art,Printable greeting card
4583516024,Forest Waterfall Printable Greeting Card,"An original photograph by Alan and Carolina, taken with a real camera, made into a folded greeting card you print yourself. This card features an original photograph of a lush forest waterfall cascading over moss covered rocks, framed by ferns and dappled greenery. The gentle golden pool at its base and soft, misty light give the image a calm, meditative feel perfect for sharing with someone who loves the outdoors. Inside is a light pencil sketch of the same waterfall scene, with plenty of blank space for your own handwritten message. Because it is left open ended, this card works beautifully for birthdays, thank you notes, encouragement, sympathy, or simply to say you are thinking of someone. A lovely choice for nature lovers, hikers, and anyone who finds peace in the sound of falling water. Send a little bit of the forest to a friend or family member who will appreciate the quiet beauty captured in this photograph. WHAT YOU RECEIVE Instant digital download, five files. Nothing is posted to you. - Home print PDFs for A4 and US Letter, with cut and fold marks - A print-shop PDF at full size with 1/8 in (3.2 mm) bleed - JPG images for online card printers: the front, inside and back as separate images, as most card-printing sites ask for, plus the flat sheets - A one-page printing guide THE CARD A 5 × 7 in (12.7 × 17.8 cm) portrait card, folded at the side, with a pencil sketch and room inside for your own message. It prints at full size on A4 or US Letter card. THE QR CODE ON THE BACK The back of the card has a small QR code. Scanning it opens this same photograph as a large wall print in the shop: Waterfall Rainforest Print, a digital download to print at home or at a print shop, at sizes for framing. A nice extra for whoever receives the card. etsy.com/listing/4580278958 PRINTING At home: 200 to 300 gsm card, printed at Actual size (100%), two-sided, flipping on the short edge; then cut on the marks, score and fold. At a print shop: upload the print-shop PDF and order a 5 × 7 in (12.7 × 17.8 cm) portrait folded card, scored, on 300 to 350 gsm card. With an online card printer: upload the front, inside and back images from the zip; its README says which is which. ABOUT THE PHOTOS The table scenes are mockups to show the card; the props are not included. COLOUR Screens and printers vary, so the printed colour may differ a little from what you see here. PERSONAL USE Print as many cards as you like to send yourself. Please don't share or resell the files or the printed cards.",https://kirwana.github.io/p/4583516024.html,https://i.etsystatic.com/45832662/r/il/affed9/8633137879/il_fullxfull.8633137879_3gev.jpg,"https://i.etsystatic.com/45832662/r/il/c17872/8585252984/il_fullxfull.8585252984_g29e.jpg,https://i.etsystatic.com/45832662/r/il/e0e352/8633137949/il_fullxfull.8633137949_lguf.jpg,https://i.etsystatic.com/45832662/r/il/f236bc/8633094965/il_fullxfull.8633094965_jop2.jpg,https://i.etsystatic.com/45832662/r/il/4b65ad/8585253140/il_fullxfull.8585253140_l51c.jpg,https://i.etsystatic.com/45832662/r/il/78cc98/8589183396/il_fullxfull.8589183396_nfmy.jpg",4.99 AUD,in stock,new,Mirrors Fine Art,Printable greeting card
4583505135,Golden Maple Leaves Printable Card,"An original photograph by Alan and Carolina, taken with a real camera, made into a folded greeting card you print yourself. A canopy of golden maple leaves glows in autumn sunlight, with a bright starburst of sun breaking through the branches and soft, blurred forest trunks in the background. The warm yellow tones and sparkling light capture the quiet magic of a fall walk in the woods. This card suits anyone who loves nature, autumn color, or simple woodland beauty. It works well as a thank you card, a just because note, a birthday greeting for a nature lover, or a warm hello sent during the fall season. The inside features a gentle pencil sketch of the same leafy scene, leaving plenty of room for your own handwritten message. Perfect for gifting to gardeners, hikers, photographers, or anyone who appreciates the golden hush of autumn light filtering through the trees. WHAT YOU RECEIVE Instant digital download, five files. Nothing is posted to you. - Home print PDFs for A4 and US Letter, with cut and fold marks - A print-shop PDF at full size with 3 mm bleed - JPG images for online card printers: the front, inside and back as separate images, as most card-printing sites ask for, plus the flat sheets - A one-page printing guide THE CARD A 150 mm square (5.9 in) card, folded at the side, with a pencil sketch and room inside for your own message. At home it prints at 136 mm square (5.4 in) on A4 and 127 mm square (5 in) on US Letter, a little smaller than full size, because opened out it is wider than the paper; a print shop prints the full 150 mm square (5.9 in). PRINTING At home: 200 to 300 gsm card, printed at Actual size (100%), two-sided, flipping on the short edge; then cut on the marks, score and fold. At a print shop: upload the print-shop PDF and order a 150 mm square (5.9 in) folded card, scored, on 300 to 350 gsm card. With an online card printer: upload the front, inside and back images from the zip; its README says which is which. ABOUT THE PHOTOS The table scenes are mockups to show the card; the props are not included. COLOUR Screens and printers vary, so the printed colour may differ a little from what you see here. PERSONAL USE Print as many cards as you like to send yourself. Please don't share or resell the files or the printed cards.",https://kirwana.github.io/p/4583505135.html,https://i.etsystatic.com/45832662/r/il/273682/8585195882/il_fullxfull.8585195882_2lw7.jpg,"https://i.etsystatic.com/45832662/r/il/4b081c/8633038309/il_fullxfull.8633038309_p5ql.jpg,https://i.etsystatic.com/45832662/r/il/20172c/8633312483/il_fullxfull.8633312483_eek8.jpg,https://i.etsystatic.com/45832662/r/il/3b9495/8633038377/il_fullxfull.8633038377_6l80.jpg,https://i.etsystatic.com/45832662/r/il/4bf076/8585196026/il_fullxfull.8585196026_g2rw.jpg,https://i.etsystatic.com/45832662/r/il/af7d73/8633038471/il_fullxfull.8633038471_o9k6.jpg",4.99 AUD,in stock,new,Mirrors Fine Art,Printable greeting card
4583513546,"Hoverfly on Pink Daisy Card, Printable","An original photograph by Alan and Carolina, taken with a real camera, made into a folded greeting card you print yourself. This printable greeting card features a close-up photograph of a delicate pink daisy in full bloom, its golden center visited by a striped hoverfly caught mid-pollination. The soft green background and bright petals bring a cheerful, garden-fresh feel to any occasion. Inside the card is a light pencil sketch of the same charming hoverfly and flower, leaving plenty of room for your own personal handwritten message. This makes it a wonderful choice for birthdays, thank you notes, get well wishes, or simply to brighten someone's day for no particular reason at all. Perfect for nature lovers, gardeners, and anyone who appreciates the small wonders of the natural world, this card brings a touch of macro photography beauty to your correspondence. Send a little sunshine and a bit of buzzing garden charm to someone special. WHAT YOU RECEIVE Instant digital download, five files. Nothing is posted to you. - Home print PDFs for A4 and US Letter, with cut and fold marks - A print-shop PDF at full size with 3 mm bleed - JPG images for online card printers: the front, inside and back as separate images, as most card-printing sites ask for, plus the flat sheets - A one-page printing guide THE CARD A 150 mm square (5.9 in) card, folded at the side, with a pencil sketch and room inside for your own message. At home it prints at 136 mm square (5.4 in) on A4 and 127 mm square (5 in) on US Letter, a little smaller than full size, because opened out it is wider than the paper; a print shop prints the full 150 mm square (5.9 in). THE QR CODE ON THE BACK The back of the card has a small QR code. Scanning it opens this same photograph as a large wall print in the shop: Petals in Light Set of 4, a digital download to print at home or at a print shop, at sizes for framing. A nice extra for whoever receives the card. etsy.com/listing/4581604189 PRINTING At home: 200 to 300 gsm card, printed at Actual size (100%), two-sided, flipping on the short edge; then cut on the marks, score and fold. At a print shop: upload the print-shop PDF and order a 150 mm square (5.9 in) folded card, scored, on 300 to 350 gsm card. With an online card printer: upload the front, inside and back images from the zip; its README says which is which. ABOUT THE PHOTOS The table scenes are mockups to show the card; the props are not included. COLOUR Screens and printers vary, so the printed colour may differ a little from what you see here. PERSONAL USE Print as many cards as you like to send yourself. Please don't share or resell the files or the printed cards.",https://kirwana.github.io/p/4583513546.html,https://i.etsystatic.com/45832662/r/il/ce7554/8585179160/il_fullxfull.8585179160_fpw2.jpg,"https://i.etsystatic.com/45832662/r/il/a34d5e/8585179216/il_fullxfull.8585179216_d4t9.jpg,https://i.etsystatic.com/45832662/r/il/1b1645/8633300843/il_fullxfull.8633300843_wqsh.jpg,https://i.etsystatic.com/45832662/r/il/aba764/8585179288/il_fullxfull.8585179288_p8hr.jpg,https://i.etsystatic.com/45832662/r/il/9c7b09/8633021515/il_fullxfull.8633021515_38h2.jpg,https://i.etsystatic.com/45832662/r/il/6428be/8585179380/il_fullxfull.8585179380_aqet.jpg",4.99 AUD,in stock,new,Mirrors Fine Art,Printable greeting card
4583502187,Bee and Blossom Printable Greeting Card,"An original photograph by Alan and Carolina, taken with a real camera, made into a folded greeting card you print yourself. A honeybee hovers beside a delicate pale pink blossom, its wings caught mid flutter as it gathers pollen in warm spring light. Soft blurred branches and hints of pink fill the background, giving the photograph a gentle, sunlit feel that captures the quiet energy of the season. This card suits nature lovers, gardeners and anyone who appreciates the small wonders of spring. It works beautifully as a birthday card, a thank you note, or a just because card to brighten someone's day. The blank inside, featuring a light pencil sketch of the bee and blossom, leaves plenty of room for your own personal message. Whether sent to a beekeeper, a flower enthusiast, or simply someone who loves the outdoors, this card brings a touch of nature's beauty and gentle warmth to any occasion. WHAT YOU RECEIVE Instant digital download, five files. Nothing is posted to you. - Home print PDFs for A4 and US Letter, with cut and fold marks - A print-shop PDF at full size with 3 mm bleed - JPG images for online card printers: the front, inside and back as separate images, as most card-printing sites ask for, plus the flat sheets - A one-page printing guide THE CARD A 150 mm square (5.9 in) card, folded at the side, with a pencil sketch and room inside for your own message. At home it prints at 136 mm square (5.4 in) on A4 and 127 mm square (5 in) on US Letter, a little smaller than full size, because opened out it is wider than the paper; a print shop prints the full 150 mm square (5.9 in). PRINTING At home: 200 to 300 gsm card, printed at Actual size (100%), two-sided, flipping on the short edge; then cut on the marks, score and fold. At a print shop: upload the print-shop PDF and order a 150 mm square (5.9 in) folded card, scored, on 300 to 350 gsm card. With an online card printer: upload the front, inside and back images from the zip; its README says which is which. ABOUT THE PHOTOS The table scenes are mockups to show the card; the props are not included. COLOUR Screens and printers vary, so the printed colour may differ a little from what you see here. PERSONAL USE Print as many cards as you like to send yourself. Please don't share or resell the files or the printed cards.",https://kirwana.github.io/p/4583502187.html,https://i.etsystatic.com/45832662/r/il/2f3614/8633023191/il_fullxfull.8633023191_e31a.jpg,"https://i.etsystatic.com/45832662/r/il/857adf/8633023279/il_fullxfull.8633023279_2jm2.jpg,https://i.etsystatic.com/45832662/r/il/ef6059/8633301961/il_fullxfull.8633301961_m5l7.jpg,https://i.etsystatic.com/45832662/r/il/47875f/8585181194/il_fullxfull.8585181194_20lj.jpg,https://i.etsystatic.com/45832662/r/il/1c3b05/8633023423/il_fullxfull.8633023423_ljjm.jpg,https://i.etsystatic.com/45832662/r/il/72e3b7/8585181272/il_fullxfull.8585181272_ojlo.jpg",4.99 AUD,in stock,new,Mirrors Fine Art,Printable greeting card
4583501387,Golden Marigold Printable Greeting Card,"An original photograph by Alan and Carolina, taken with a real camera, made into a folded greeting card you print yourself. A sunlit marigold opens in full golden bloom, its layered petals glowing against a shadowy backdrop of green leaves. Captured in warm natural light, this original photograph celebrates the simple beauty of the garden in close, vivid detail. Inside, a gentle pencil sketch of the same flower awaits your own handwritten words, leaving plenty of space for a personal note. Because the inside is left open, this card suits nearly any occasion you choose: a birthday, a thank you, encouragement, or simply a just because hello to someone who loves flowers or gardening. Perfect for nature lovers, gardeners, or anyone who appreciates a bright and cheerful floral image, this card brings a touch of sunshine to any greeting. Its warm colors and soft, artistic details make it a lovely keepsake for the recipient long after the occasion has passed. WHAT YOU RECEIVE Instant digital download, five files. Nothing is posted to you. - Home print PDFs for A4 and US Letter, with cut and fold marks - A print-shop PDF at full size with 3 mm bleed - JPG images for online card printers: the front, inside and back as separate images, as most card-printing sites ask for, plus the flat sheets - A one-page printing guide THE CARD A 150 mm square (5.9 in) card, folded at the side, with a pencil sketch and room inside for your own message. At home it prints at 136 mm square (5.4 in) on A4 and 127 mm square (5 in) on US Letter, a little smaller than full size, because opened out it is wider than the paper; a print shop prints the full 150 mm square (5.9 in). PRINTING At home: 200 to 300 gsm card, printed at Actual size (100%), two-sided, flipping on the short edge; then cut on the marks, score and fold. At a print shop: upload the print-shop PDF and order a 150 mm square (5.9 in) folded card, scored, on 300 to 350 gsm card. With an online card printer: upload the front, inside and back images from the zip; its README says which is which. ABOUT THE PHOTOS The table scenes are mockups to show the card; the props are not included. COLOUR Screens and printers vary, so the printed colour may differ a little from what you see here. PERSONAL USE Print as many cards as you like to send yourself. Please don't share or resell the files or the printed cards.",https://kirwana.github.io/p/4583501387.html,https://i.etsystatic.com/45832662/r/il/323f5e/8633022311/il_fullxfull.8633022311_44as.jpg,"https://i.etsystatic.com/45832662/r/il/d69974/8633022391/il_fullxfull.8633022391_ab2m.jpg,https://i.etsystatic.com/45832662/r/il/632fca/8585459342/il_fullxfull.8585459342_jp43.jpg,https://i.etsystatic.com/45832662/r/il/357500/8585180274/il_fullxfull.8585180274_svsj.jpg,https://i.etsystatic.com/45832662/r/il/c2575a/8585180360/il_fullxfull.8585180360_67m1.jpg,https://i.etsystatic.com/45832662/r/il/a15194/8633022633/il_fullxfull.8633022633_cois.jpg",4.99 AUD,in stock,new,Mirrors Fine Art,Printable greeting card
4583507822,Lighthouse Harbor Printable Greeting Card,"An original photograph by Alan and Carolina, taken with a real camera, made into a folded greeting card you print yourself. This card features an original photograph of a stone lighthouse standing guard at the edge of a rocky harbor, its red lantern room glowing against a moody, cloud streaked sky. Sailboats rest in the marina beyond, and a distant coastal town rises along the hills, capturing the quiet drama of a working seaside harbor at dusk. Inside, a light pencil sketch of the lighthouse offers a charming touch alongside blank space for your own handwritten note, making this card suitable for nearly any occasion or none at all. Perfect for lighthouse enthusiasts, sailors, nature lovers, and anyone drawn to coastal scenery, this card works beautifully as a thank you note, a just because gesture, a birthday greeting, or a thoughtful way to say thinking of you to someone who loves the sea and dramatic skies. WHAT YOU RECEIVE Instant digital download, five files. Nothing is posted to you. - Home print PDFs for A4 and US Letter, with cut and fold marks - A print-shop PDF at full size with 1/8 in (3.2 mm) bleed - JPG images for online card printers: the front, inside and back as separate images, as most card-printing sites ask for, plus the flat sheets - A one-page printing guide THE CARD A 7 × 5 in (17.8 × 12.7 cm) landscape card, folded along the top, with a pencil sketch and room inside for your own message. It prints at full size on A4 or US Letter card. THE QR CODE ON THE BACK The back of the card has a small QR code. Scanning it opens this same photograph as a large wall print in the shop: Ireland Lighthouse Print, a digital download to print at home or at a print shop, at sizes for framing. A nice extra for whoever receives the card. etsy.com/listing/4580133148 PRINTING At home: 200 to 300 gsm card, printed at Actual size (100%), two-sided, flipping on the short edge; then cut on the marks, score and fold. At a print shop: upload the print-shop PDF and order a 7 × 5 in (17.8 × 12.7 cm) landscape folded card, scored, on 300 to 350 gsm card. With an online card printer: upload the front, inside and back images from the zip; its README says which is which. ABOUT THE PHOTOS The table scenes are mockups to show the card; the props are not included. COLOUR Screens and printers vary, so the printed colour may differ a little from what you see here. PERSONAL USE Print as many cards as you like to send yourself. Please don't share or resell the files or the printed cards.",https://kirwana.github.io/p/4583507822.html,https://i.etsystatic.com/45832662/r/il/cf3a72/8633132307/il_fullxfull.8633132307_t6iv.jpg,"https://i.etsystatic.com/45832662/r/il/26f079/8633092225/il_fullxfull.8633092225_he8m.jpg,https://i.etsystatic.com/45832662/r/il/141f12/8585290616/il_fullxfull.8585290616_atxq.jpg,https://i.etsystatic.com/45832662/r/il/7cee7e/8633092345/il_fullxfull.8633092345_41zl.jpg,https://i.etsystatic.com/45832662/r/il/1b6dac/8585250626/il_fullxfull.8585250626_lqfn.jpg,https://i.etsystatic.com/45832662/r/il/1d3319/8589187172/il_fullxfull.8589187172_rzt1.jpg",4.99 AUD,in stock,new,Mirrors Fine Art,Printable greeting card
4583496763,"Cockatoo Island - Unesco Site - Digital Card, Printable","An original photograph by Alan and Carolina, taken with a real camera, made into a folded greeting card you print yourself. This card features a striking black and white photograph of a historic brick chimney stack rising beside an old industrial building on the water's edge. Dramatic storm clouds gather overhead while a vintage crane and weathered pier add character to the scene, creating a moody, atmospheric image full of texture and history. Inside, a light pencil sketch of the same industrial scene awaits, leaving space for your own personal message. This card suits no particular occasion, making it perfect for birthdays, thank you notes, just because greetings, or as a thoughtful gift for anyone who loves architecture, industrial history, waterfronts, or dramatic skies. A wonderful choice for photography enthusiasts, history buffs, or anyone drawn to atmospheric, storm-lit landscapes and old world charm. WHAT YOU RECEIVE Instant digital download, five files. Nothing is posted to you. - Home print PDFs for A4 and US Letter, with cut and fold marks - A print-shop PDF at full size with 1/8 in (3.2 mm) bleed - JPG images for online card printers: the front, inside and back as separate images, as most card-printing sites ask for, plus the flat sheets - A one-page printing guide THE CARD A 7 × 5 in (17.8 × 12.7 cm) landscape card, folded along the top, with a pencil sketch and room inside for your own message. It prints at full size on A4 or US Letter card. PRINTING At home: 200 to 300 gsm card, printed at Actual size (100%), two-sided, flipping on the short edge; then cut on the marks, score and fold. At a print shop: upload the print-shop PDF and order a 7 × 5 in (17.8 × 12.7 cm) landscape folded card, scored, on 300 to 350 gsm card. With an online card printer: upload the front, inside and back images from the zip; its README says which is which. ABOUT THE PHOTOS The table scenes are mockups to show the card; the props are not included. COLOUR Screens and printers vary, so the printed colour may differ a little from what you see here. PERSONAL USE Print as many cards as you like to send yourself. Please don't share or resell the files or the printed cards.",https://kirwana.github.io/p/4583496763.html,https://i.etsystatic.com/45832662/r/il/e138e3/8585303650/il_fullxfull.8585303650_p364.jpg,"https://i.etsystatic.com/45832662/r/il/b2c7e1/8585253906/il_fullxfull.8585253906_dytu.jpg,https://i.etsystatic.com/45832662/r/il/faa2f2/8633145425/il_fullxfull.8633145425_mxjh.jpg,https://i.etsystatic.com/45832662/r/il/c2bdf8/8585253994/il_fullxfull.8585253994_refc.jpg,https://i.etsystatic.com/45832662/r/il/5be160/8633095855/il_fullxfull.8633095855_gm65.jpg,https://i.etsystatic.com/45832662/r/il/b6c5b7/8589116446/il_fullxfull.8589116446_myxg.jpg",4.99 AUD,in stock,new,Mirrors Fine Art,Printable greeting card
4583506782,Skyscrapers Printable Greeting Card,"An original photograph by Alan and Carolina, taken with a real camera, made into a folded greeting card you print yourself. This card features a striking black and white photograph looking straight up at a cluster of glass and steel skyscrapers, their facades soaring into a moody, cloud streaked sky. The dramatic angles and reflective surfaces capture the bold energy of a modern city, perfect for anyone who loves architecture, urban photography or striking monochrome design. Inside is a light pencil sketch of the same towering scene, leaving plenty of room to add your own personal message. Because the inside is left open, this card suits nearly any occasion, from a birthday or thank you to encouragement, congratulations or simply saying hello. It makes a thoughtful gift for architects, city dwellers, travelers or anyone drawn to bold, modern design. A striking, versatile card for the design lover in your life. WHAT YOU RECEIVE Instant digital download, five files. Nothing is posted to you. - Home print PDFs for A4 and US Letter, with cut and fold marks - A print-shop PDF at full size with 1/8 in (3.2 mm) bleed - JPG images for online card printers: the front, inside and back as separate images, as most card-printing sites ask for, plus the flat sheets - A one-page printing guide THE CARD A 7 × 5 in (17.8 × 12.7 cm) landscape card, folded along the top, with a pencil sketch and room inside for your own message. It prints at full size on A4 or US Letter card. PRINTING At home: 200 to 300 gsm card, printed at Actual size (100%), two-sided, flipping on the short edge; then cut on the marks, score and fold. At a print shop: upload the print-shop PDF and order a 7 × 5 in (17.8 × 12.7 cm) landscape folded card, scored, on 300 to 350 gsm card. With an online card printer: upload the front, inside and back images from the zip; its README says which is which. ABOUT THE PHOTOS The table scenes are mockups to show the card; the props are not included. COLOUR Screens and printers vary, so the printed colour may differ a little from what you see here. PERSONAL USE Print as many cards as you like to send yourself. Please don't share or resell the files or the printed cards.",https://kirwana.github.io/p/4583506782.html,https://i.etsystatic.com/45832662/r/il/dc511e/8633155901/il_fullxfull.8633155901_c8fg.jpg,"https://i.etsystatic.com/45832662/r/il/b76f1c/8633110157/il_fullxfull.8633110157_2qg4.jpg,https://i.etsystatic.com/45832662/r/il/2b3f63/8585314232/il_fullxfull.8585314232_2bsn.jpg,https://i.etsystatic.com/45832662/r/il/194009/8585268200/il_fullxfull.8585268200_rhyq.jpg,https://i.etsystatic.com/45832662/r/il/c7a906/8633110321/il_fullxfull.8633110321_xby5.jpg,https://i.etsystatic.com/45832662/r/il/09a8fd/8636969757/il_fullxfull.8636969757_b7kp.jpg",4.99 AUD,in stock,new,Mirrors Fine Art,Printable greeting card
4583506400,Sydney Harbour Bridge Printable Card,"An original photograph by Alan and Carolina, taken with a real camera, made into a folded greeting card you print yourself. A striking black and white photograph capturing the Sydney Opera House and Harbour Bridge illuminated against the night sky, with waves washing over dark rocks in the foreground. The long exposure creates a dreamlike mist across the water, while the bridge and opera house glow with quiet brilliance. This card suits travel lovers, architecture enthusiasts, and anyone drawn to dramatic cityscape imagery. It works beautifully as a thank you card, a just because greeting, or a thoughtful note for a friend who loves Australia or urban photography. Inside, a light pencil sketch of the same iconic view awaits your own personal message, making this card versatile for congratulations, birthdays, farewells, or simply staying in touch. Its timeless monochrome style suits any occasion and any recipient who appreciates striking landscape photography. WHAT YOU RECEIVE Instant digital download, five files. Nothing is posted to you. - Home print PDFs for A4 and US Letter, with cut and fold marks - A print-shop PDF at full size with 1/8 in (3.2 mm) bleed - JPG images for online card printers: the front, inside and back as separate images, as most card-printing sites ask for, plus the flat sheets - A one-page printing guide THE CARD A 7 × 5 in (17.8 × 12.7 cm) landscape card, folded along the top, with a pencil sketch and room inside for your own message. It prints at full size on A4 or US Letter card. PRINTING At home: 200 to 300 gsm card, printed at Actual size (100%), two-sided, flipping on the short edge; then cut on the marks, score and fold. At a print shop: upload the print-shop PDF and order a 7 × 5 in (17.8 × 12.7 cm) landscape folded card, scored, on 300 to 350 gsm card. With an online card printer: upload the front, inside and back images from the zip; its README says which is which. ABOUT THE PHOTOS The table scenes are mockups to show the card; the props are not included. COLOUR Screens and printers vary, so the printed colour may differ a little from what you see here. PERSONAL USE Print as many cards as you like to send yourself. Please don't share or resell the files or the printed cards.",https://kirwana.github.io/p/4583506400.html,https://i.etsystatic.com/45832662/r/il/89cb71/8633147847/il_fullxfull.8633147847_k10o.jpg,"https://i.etsystatic.com/45832662/r/il/c55d6d/8585255386/il_fullxfull.8585255386_p14v.jpg,https://i.etsystatic.com/45832662/r/il/8329ed/8585306232/il_fullxfull.8585306232_93ms.jpg,https://i.etsystatic.com/45832662/r/il/942c45/8633097231/il_fullxfull.8633097231_katy.jpg,https://i.etsystatic.com/45832662/r/il/65a3c6/8585255490/il_fullxfull.8585255490_j4z6.jpg,https://i.etsystatic.com/45832662/r/il/25535d/8589119612/il_fullxfull.8589119612_nu98.jpg",4.99 AUD,in stock,new,Mirrors Fine Art,Printable greeting card
4583495505,Sydney Opera House Printable Greeting Card,"An original photograph by Alan and Carolina, taken with a real camera, made into a folded greeting card you print yourself. A dramatic black and white photograph of the Sydney Opera House captured beneath a moody, cloud filled sky. Light rakes across the iconic sail shaped roofs while the promenade below hums with people strolling and dining along the harbour. The contrast between the storm above and the glowing architecture below gives this image a striking, cinematic feel. This card suits architecture and travel lovers, fans of Sydney and Australia, or anyone who appreciates fine art photography. Its timeless monochrome style makes it a wonderful choice for a birthday, thank you note, congratulations, or simply to say hello. Inside is a light pencil sketch of the Opera House with open space for your own handwritten message, making it a versatile keepsake for any occasion or recipient who loves iconic landmarks and city skylines. WHAT YOU RECEIVE Instant digital download, five files. Nothing is posted to you. - Home print PDFs for A4 and US Letter, with cut and fold marks - A print-shop PDF at full size with 1/8 in (3.2 mm) bleed - JPG images for online card printers: the front, inside and back as separate images, as most card-printing sites ask for, plus the flat sheets - A one-page printing guide THE CARD A 7 × 5 in (17.8 × 12.7 cm) landscape card, folded along the top, with a pencil sketch and room inside for your own message. It prints at full size on A4 or US Letter card. PRINTING At home: 200 to 300 gsm card, printed at Actual size (100%), two-sided, flipping on the short edge; then cut on the marks, score and fold. At a print shop: upload the print-shop PDF and order a 7 × 5 in (17.8 × 12.7 cm) landscape folded card, scored, on 300 to 350 gsm card. With an online card printer: upload the front, inside and back images from the zip; its README says which is which. ABOUT THE PHOTOS The table scenes are mockups to show the card; the props are not included. COLOUR Screens and printers vary, so the printed colour may differ a little from what you see here. PERSONAL USE Print as many cards as you like to send yourself. Please don't share or resell the files or the printed cards.",https://kirwana.github.io/p/4583495505.html,https://i.etsystatic.com/45832662/r/il/3bbcc5/8633150843/il_fullxfull.8633150843_4q9y.jpg,"https://i.etsystatic.com/45832662/r/il/988391/8585259544/il_fullxfull.8585259544_nsm2.jpg,https://i.etsystatic.com/45832662/r/il/65cb60/8633150893/il_fullxfull.8633150893_js6f.jpg,https://i.etsystatic.com/45832662/r/il/1351fb/8585259624/il_fullxfull.8585259624_d4cb.jpg,https://i.etsystatic.com/45832662/r/il/2c3b06/8633101487/il_fullxfull.8633101487_4csq.jpg,https://i.etsystatic.com/45832662/r/il/04e424/8636963857/il_fullxfull.8636963857_8utl.jpg",4.99 AUD,in stock,new,Mirrors Fine Art,Printable greeting card
4583495129,Tropical Sunset Palm Printable Card,"An original photograph by Alan and Carolina, taken with a real camera, made into a folded greeting card you print yourself. A warm tropical sunset glows behind the silhouette of swaying palm fronds, framing a quiet stretch of beach and calm sea in the distance. Soft clouds catch the last golden light of day, creating a peaceful, dreamy scene that captures the beauty of island evenings. This card suits nature lovers, beach lovers, and anyone who treasures quiet, scenic moments. It works beautifully as a thank you card, a just because card, or a thinking of you note, and its versatile mood makes it fitting for travel enthusiasts or anyone who loves the sea and sky. Inside, a light pencil sketch of the palm silhouette echoes the cover image, leaving space for your own personal message. Perfect for sending warmth, calm, and a bit of wanderlust to someone special. WHAT YOU RECEIVE Instant digital download, five files. Nothing is posted to you. - Home print PDFs for A4 and US Letter, with cut and fold marks - A print-shop PDF at full size with 1/8 in (3.2 mm) bleed - JPG images for online card printers: the front, inside and back as separate images, as most card-printing sites ask for, plus the flat sheets - A one-page printing guide THE CARD A 7 × 5 in (17.8 × 12.7 cm) landscape card, folded along the top, with a pencil sketch and room inside for your own message. It prints at full size on A4 or US Letter card. PRINTING At home: 200 to 300 gsm card, printed at Actual size (100%), two-sided, flipping on the short edge; then cut on the marks, score and fold. At a print shop: upload the print-shop PDF and order a 7 × 5 in (17.8 × 12.7 cm) landscape folded card, scored, on 300 to 350 gsm card. With an online card printer: upload the front, inside and back images from the zip; its README says which is which. ABOUT THE PHOTOS The table scenes are mockups to show the card; the props are not included. COLOUR Screens and printers vary, so the printed colour may differ a little from what you see here. PERSONAL USE Print as many cards as you like to send yourself. Please don't share or resell the files or the printed cards.",https://kirwana.github.io/p/4583495129.html,https://i.etsystatic.com/45832662/r/il/429172/8633152535/il_fullxfull.8633152535_awkh.jpg,"https://i.etsystatic.com/45832662/r/il/36c928/8585261730/il_fullxfull.8585261730_thvy.jpg,https://i.etsystatic.com/45832662/r/il/82e3ce/8585311040/il_fullxfull.8585311040_hj1i.jpg,https://i.etsystatic.com/45832662/r/il/313995/8633103823/il_fullxfull.8633103823_k48d.jpg,https://i.etsystatic.com/45832662/r/il/cb82fa/8585261910/il_fullxfull.8585261910_q2ar.jpg,https://i.etsystatic.com/45832662/r/il/2e6ee8/8636965259/il_fullxfull.8636965259_tk8p.jpg",4.99 AUD,in stock,new,Mirrors Fine Art,Printable greeting card
4583505360,Golden Sunset Waves Printable Card,"An original photograph by Alan and Carolina, taken with a real camera, made into a folded greeting card you print yourself. A glowing golden sunset spills across the sky as the sun sits low over a rolling ocean wave. Warm amber light catches the crest of a breaking wave in the distance while dark rocks and foamy surf fill the foreground, creating a dramatic and peaceful coastal scene. This card suits ocean lovers, surfers, and anyone who finds calm in a beautiful sunset. With no set occasion printed inside, it works beautifully as a thank you card, a birthday greeting, a just because note, or a simple hello to someone who loves the sea and golden light. Inside, a soft pencil sketch of the same scene greets the recipient, leaving open space for your own personal, handwritten message to make the card truly yours. WHAT YOU RECEIVE Instant digital download, five files. Nothing is posted to you. - Home print PDFs for A4 and US Letter, with cut and fold marks - A print-shop PDF at full size with 1/8 in (3.2 mm) bleed - JPG images for online card printers: the front, inside and back as separate images, as most card-printing sites ask for, plus the flat sheets - A one-page printing guide THE CARD A 7 × 5 in (17.8 × 12.7 cm) landscape card, folded along the top, with a pencil sketch and room inside for your own message. It prints at full size on A4 or US Letter card. PRINTING At home: 200 to 300 gsm card, printed at Actual size (100%), two-sided, flipping on the short edge; then cut on the marks, score and fold. At a print shop: upload the print-shop PDF and order a 7 × 5 in (17.8 × 12.7 cm) landscape folded card, scored, on 300 to 350 gsm card. With an online card printer: upload the front, inside and back images from the zip; its README says which is which. ABOUT THE PHOTOS The table scenes are mockups to show the card; the props are not included. COLOUR Screens and printers vary, so the printed colour may differ a little from what you see here. PERSONAL USE Print as many cards as you like to send yourself. Please don't share or resell the files or the printed cards.",https://kirwana.github.io/p/4583505360.html,https://i.etsystatic.com/45832662/r/il/d3caaf/8633153003/il_fullxfull.8633153003_12fm.jpg,"https://i.etsystatic.com/45832662/r/il/308197/8585262650/il_fullxfull.8585262650_432b.jpg,https://i.etsystatic.com/45832662/r/il/0ac376/8585311496/il_fullxfull.8585311496_s9uv.jpg,https://i.etsystatic.com/45832662/r/il/d52680/8585262770/il_fullxfull.8585262770_nr0d.jpg,https://i.etsystatic.com/45832662/r/il/4fd1e2/8633104729/il_fullxfull.8633104729_isx2.jpg,https://i.etsystatic.com/45832662/r/il/7737d2/8636966687/il_fullxfull.8636966687_aex6.jpg",4.99 AUD,in stock,new,Mirrors Fine Art,Printable greeting card
4583494249,Armenia - Colombia - Lone Tree Sunset Printable Card,"An original photograph by Alan and Carolina, taken with a real camera, made into a folded greeting card you print yourself. A solitary tree stands silhouetted against a sweeping sky ablaze with gold, peach and soft blue clouds at sunset. Rolling hills and distant storm clouds add depth to this warm, atmospheric landscape photograph, capturing that quiet, breathtaking moment when day turns to dusk. Inside is a light pencil sketch of the same lone tree, leaving plenty of room for your own handwritten message. Because it is left open ended, this card suits nearly any occasion, a birthday, thank you note, thinking of you, encouragement or just because. It is especially fitting for nature lovers, photography enthusiasts and anyone who finds peace in wide open skies and golden light. Send a bit of calm, natural beauty to someone who will appreciate a quiet moment captured in color. [""photograph"",""digital download""] WHAT YOU RECEIVE Instant digital download, five files. Nothing is posted to you. - Home print PDFs for A4 and US Letter, with cut and fold marks - A print-shop PDF at full size with 1/8 in (3.2 mm) bleed - JPG images for online card printers: the front, inside and back as separate images, as most card-printing sites ask for, plus the flat sheets - A one-page printing guide THE CARD A 7 × 5 in (17.8 × 12.7 cm) landscape card, folded along the top, with a pencil sketch and room inside for your own message. It prints at full size on A4 or US Letter card. PRINTING At home: 200 to 300 gsm card, printed at Actual size (100%), two-sided, flipping on the short edge; then cut on the marks, score and fold. At a print shop: upload the print-shop PDF and order a 7 × 5 in (17.8 × 12.7 cm) landscape folded card, scored, on 300 to 350 gsm card. With an online card printer: upload the front, inside and back images from the zip; its README says which is which. ABOUT THE PHOTOS The table scenes are mockups to show the card; the props are not included. COLOUR Screens and printers vary, so the printed colour may differ a little from what you see here. PERSONAL USE Print as many cards as you like to send yourself. Please don't share or resell the files or the printed cards.",https://kirwana.github.io/p/4583494249.html,https://i.etsystatic.com/45832662/r/il/4535b9/8633153443/il_fullxfull.8633153443_3xze.jpg,"https://i.etsystatic.com/45832662/r/il/24c948/8633105395/il_fullxfull.8633105395_c5kl.jpg,https://i.etsystatic.com/45832662/r/il/bbb4cc/8585311946/il_fullxfull.8585311946_oeiq.jpg,https://i.etsystatic.com/45832662/r/il/cdcb32/8585263568/il_fullxfull.8585263568_cgrr.jpg,https://i.etsystatic.com/45832662/r/il/baa5aa/8585263612/il_fullxfull.8585263612_q6oe.jpg,https://i.etsystatic.com/45832662/r/il/bd98fa/8589127454/il_fullxfull.8589127454_s5np.jpg",4.99 AUD,in stock,new,Mirrors Fine Art,Printable greeting card
4583492941,Sea Rock Sunrise Printable Card,"An original photograph by Alan and Carolina, taken with a real camera, made into a folded greeting card you print yourself. A lone sea rock stands anchored in swirling sand as long exposure waves blur into silk around it, while a soft lavender and gold sunrise glows on the horizon behind distant cliffs. This tranquil coastal photograph captures the quiet drama of shoreline light and motion. Inside the card is a light pencil sketch of the same rock scene, leaving space for your own personal note, making it a versatile choice for birthdays, thank yous, thinking of you, or simply saying hello. It suits nature lovers, beach wanderers, photographers, and anyone who appreciates a peaceful seaside view. A thoughtful, ready to personalize card for coastal souls and calm-seeking hearts alike, perfect for marking any occasion with a touch of ocean serenity. WHAT YOU RECEIVE Instant digital download, five files. Nothing is posted to you. - Home print PDFs for A4 and US Letter, with cut and fold marks - A print-shop PDF at full size with 1/8 in (3.2 mm) bleed - JPG images for online card printers: the front, inside and back as separate images, as most card-printing sites ask for, plus the flat sheets - A one-page printing guide THE CARD A 7 × 5 in (17.8 × 12.7 cm) landscape card, folded along the top, with a pencil sketch and room inside for your own message. It prints at full size on A4 or US Letter card. THE QR CODE ON THE BACK The back of the card has a small QR code. Scanning it opens this same photograph as a large wall print in the shop: Long Exposure Ocean Print, a digital download to print at home or at a print shop, at sizes for framing. A nice extra for whoever receives the card. etsy.com/listing/4580274420 PRINTING At home: 200 to 300 gsm card, printed at Actual size (100%), two-sided, flipping on the short edge; then cut on the marks, score and fold. At a print shop: upload the print-shop PDF and order a 7 × 5 in (17.8 × 12.7 cm) landscape folded card, scored, on 300 to 350 gsm card. With an online card printer: upload the front, inside and back images from the zip; its README says which is which. ABOUT THE PHOTOS The table scenes are mockups to show the card; the props are not included. COLOUR Screens and printers vary, so the printed colour may differ a little from what you see here. PERSONAL USE Print as many cards as you like to send yourself. Please don't share or resell the files or the printed cards.",https://kirwana.github.io/p/4583492941.html,https://i.etsystatic.com/45832662/r/il/c91b0e/8585289002/il_fullxfull.8585289002_bfua.jpg,"https://i.etsystatic.com/45832662/r/il/3e32f4/8585248028/il_fullxfull.8585248028_8a3j.jpg,https://i.etsystatic.com/45832662/r/il/e815f3/8585289066/il_fullxfull.8585289066_3qkl.jpg,https://i.etsystatic.com/45832662/r/il/989f86/8633089725/il_fullxfull.8633089725_p8xh.jpg,https://i.etsystatic.com/45832662/r/il/97411a/8633089787/il_fullxfull.8633089787_dgjw.jpg,https://i.etsystatic.com/45832662/r/il/d5c5f4/8589190964/il_fullxfull.8589190964_qsb6.jpg",4.99 AUD,in stock,new,Mirrors Fine Art,Printable greeting card
4583492629,Bogota Rooftops Printable Greeting Card,"An original photograph by Alan and Carolina, taken with a real camera, made into a folded greeting card you print yourself. This card features an original photograph of Bogota's historic skyline, where church towers and weathered clay-tile roofs rise against a moody, cloud-streaked sky. Domes and bell towers catch the late afternoon light while the old city spreads out below, capturing the layered charm of colonial architecture mixed with the modern buildings beyond. Inside, a light pencil sketch of the same scene awaits your own words, leaving plenty of room for a personal message. The blank interior makes this card wonderfully versatile, perfect as a just because card, a thank you note, or a thinking of you card for someone who loves travel, architecture, or cityscapes. It also makes a lovely gift for anyone who has visited or dreamed of visiting Colombia, or for the traveler, photographer, or history lover in your life who appreciates beautiful old rooftops and dramatic skies. WHAT YOU RECEIVE Instant digital download, five files. Nothing is posted to you. - Home print PDFs for A4 and US Letter, with cut and fold marks - A print-shop PDF at full size with 1/8 in (3.2 mm) bleed - JPG images for online card printers: the front, inside and back as separate images, as most card-printing sites ask for, plus the flat sheets - A one-page printing guide THE CARD A 7 × 5 in (17.8 × 12.7 cm) landscape card, folded along the top, with a pencil sketch and room inside for your own message. It prints at full size on A4 or US Letter card. THE QR CODE ON THE BACK The back of the card has a small QR code. Scanning it opens this same photograph as a large wall print in the shop: Bogota Colombia Print, a digital download to print at home or at a print shop, at sizes for framing. A nice extra for whoever receives the card. etsy.com/listing/4580136224 PRINTING At home: 200 to 300 gsm card, printed at Actual size (100%), two-sided, flipping on the short edge; then cut on the marks, score and fold. At a print shop: upload the print-shop PDF and order a 7 × 5 in (17.8 × 12.7 cm) landscape folded card, scored, on 300 to 350 gsm card. With an online card printer: upload the front, inside and back images from the zip; its README says which is which. ABOUT THE PHOTOS The table scenes are mockups to show the card; the props are not included. COLOUR Screens and printers vary, so the printed colour may differ a little from what you see here. PERSONAL USE Print as many cards as you like to send yourself. Please don't share or resell the files or the printed cards.",https://kirwana.github.io/p/4583492629.html,https://i.etsystatic.com/45832662/r/il/c61f6d/8585287962/il_fullxfull.8585287962_mg4f.jpg,"https://i.etsystatic.com/45832662/r/il/0aa26b/8585246560/il_fullxfull.8585246560_mm3x.jpg,https://i.etsystatic.com/45832662/r/il/00784b/8585288018/il_fullxfull.8585288018_9gk8.jpg,https://i.etsystatic.com/45832662/r/il/9162d1/8585246642/il_fullxfull.8585246642_noyp.jpg,https://i.etsystatic.com/45832662/r/il/246186/8633088289/il_fullxfull.8633088289_c4j2.jpg,https://i.etsystatic.com/45832662/r/il/80aab3/8637034793/il_fullxfull.8637034793_m6ce.jpg",4.99 AUD,in stock,new,Mirrors Fine Art,Printable greeting card
4583502664,Ivy Castle Ruins Printable Card,"An original photograph by Alan and Carolina, taken with a real camera, made into a folded greeting card you print yourself. This card features an original photograph of an old stone castle ruin, half of its weathered walls draped in thick green ivy, standing on a grassy hill beneath a moody, cloud-filled sky. The mix of crumbling stone and creeping greenery gives the scene a timeless, romantic feel that speaks to lovers of history, castles and the Irish countryside. Inside, a light pencil sketch of the castle greets you along with open space to write your own personal message, making this card suitable for any occasion you choose, from a birthday or thank you note to a simple just because greeting for someone who loves travel, nature or old ruins. Perfect for history buffs, castle enthusiasts, nature lovers, or anyone who appreciates atmospheric landscape photography and a touch of Irish charm. WHAT YOU RECEIVE Instant digital download, five files. Nothing is posted to you. - Home print PDFs for A4 and US Letter, with cut and fold marks - A print-shop PDF at full size with 1/8 in (3.2 mm) bleed - JPG images for online card printers: the front, inside and back as separate images, as most card-printing sites ask for, plus the flat sheets - A one-page printing guide THE CARD A 7 × 5 in (17.8 × 12.7 cm) landscape card, folded along the top, with a pencil sketch and room inside for your own message. It prints at full size on A4 or US Letter card. THE QR CODE ON THE BACK The back of the card has a small QR code. Scanning it opens this same photograph as a large wall print in the shop: Irish Castle Ruins Print, a digital download to print at home or at a print shop, at sizes for framing. A nice extra for whoever receives the card. etsy.com/listing/4579501405 PRINTING At home: 200 to 300 gsm card, printed at Actual size (100%), two-sided, flipping on the short edge; then cut on the marks, score and fold. At a print shop: upload the print-shop PDF and order a 7 × 5 in (17.8 × 12.7 cm) landscape folded card, scored, on 300 to 350 gsm card. With an online card printer: upload the front, inside and back images from the zip; its README says which is which. ABOUT THE PHOTOS The table scenes are mockups to show the card; the props are not included. COLOUR Screens and printers vary, so the printed colour may differ a little from what you see here. PERSONAL USE Print as many cards as you like to send yourself. Please don't share or resell the files or the printed cards.",https://kirwana.github.io/p/4583502664.html,https://i.etsystatic.com/45832662/r/il/4b0e97/8585291128/il_fullxfull.8585291128_b9s8.jpg,"https://i.etsystatic.com/45832662/r/il/e2210f/8585251260/il_fullxfull.8585251260_86hn.jpg,https://i.etsystatic.com/45832662/r/il/6bc660/8585291164/il_fullxfull.8585291164_alam.jpg,https://i.etsystatic.com/45832662/r/il/269dc9/8633093097/il_fullxfull.8633093097_3a88.jpg,https://i.etsystatic.com/45832662/r/il/167285/8633093139/il_fullxfull.8633093139_nmpy.jpg,https://i.etsystatic.com/45832662/r/il/24cec1/8589185954/il_fullxfull.8589185954_rt7g.jpg",4.99 AUD,in stock,new,Mirrors Fine Art,Printable greeting card
4583491541,"Coastal Sunset Rocks Card, Printable","An original photograph by Alan and Carolina, taken with a real camera, made into a folded greeting card you print yourself. This card features an original photograph of a dramatic coastline at golden hour. Weathered rocks scattered across the wet sand catch the reflected light of a glowing sunset sky, while gentle waves wash in from a hazy sea. A distant headland and streaming sunbeams break through heavy clouds, adding depth and drama to the scene. The warm tones and peaceful rhythm of the shoreline make this a lovely choice for nature lovers, beach enthusiasts, or anyone who finds calm in coastal views. Inside, a light pencil sketch of the same rocky shore awaits your own words, leaving space for a birthday wish, a thank you, or simply a thoughtful note to let someone know you are thinking of them. Perfect for those who appreciate quiet landscapes and the beauty of the sea. WHAT YOU RECEIVE Instant digital download, five files. Nothing is posted to you. - Home print PDFs for A4 and US Letter, with cut and fold marks - A print-shop PDF at full size with 1/8 in (3.2 mm) bleed - JPG images for online card printers: the front, inside and back as separate images, as most card-printing sites ask for, plus the flat sheets - A one-page printing guide THE CARD A 7 × 5 in (17.8 × 12.7 cm) landscape card, folded along the top, with a pencil sketch and room inside for your own message. It prints at full size on A4 or US Letter card. PRINTING At home: 200 to 300 gsm card, printed at Actual size (100%), two-sided, flipping on the short edge; then cut on the marks, score and fold. At a print shop: upload the print-shop PDF and order a 7 × 5 in (17.8 × 12.7 cm) landscape folded card, scored, on 300 to 350 gsm card. With an online card printer: upload the front, inside and back images from the zip; its README says which is which. ABOUT THE PHOTOS The table scenes are mockups to show the card; the props are not included. COLOUR Screens and printers vary, so the printed colour may differ a little from what you see here. PERSONAL USE Print as many cards as you like to send yourself. Please don't share or resell the files or the printed cards.",https://kirwana.github.io/p/4583491541.html,https://i.etsystatic.com/45832662/r/il/23f6b9/8633147007/il_fullxfull.8633147007_o5vr.jpg,"https://i.etsystatic.com/45832662/r/il/337cf7/8633096565/il_fullxfull.8633096565_i5gu.jpg,https://i.etsystatic.com/45832662/r/il/5ed1bb/8585305362/il_fullxfull.8585305362_844i.jpg,https://i.etsystatic.com/45832662/r/il/9f431a/8633096629/il_fullxfull.8633096629_4kr2.jpg,https://i.etsystatic.com/45832662/r/il/7a7dca/8633096663/il_fullxfull.8633096663_9k13.jpg,https://i.etsystatic.com/45832662/r/il/9cf4f6/8589118026/il_fullxfull.8589118026_g814.jpg",4.99 AUD,in stock,new,Mirrors Fine Art,Printable greeting card
4583486043,Ocean Sunrise Printable Greeting Card,"An original photograph by Alan and Carolina, taken with a real camera, made into a folded greeting card you print yourself. A dramatic ocean sunrise breaks through heavy clouds as golden light spills across rolling waves and crashes over dark, weathered rocks. Long exposure smooths the surf into a silky cascade, capturing the quiet power of the sea at first light. This card suits nature lovers, ocean enthusiasts, and anyone who finds peace in wild coastal scenery. It works beautifully as a birthday card, a thank you card, a just because note, or simple encouragement. The inside features a gentle pencil sketch of the same seaside view, leaving plenty of room for your own personal message. A striking choice for beach lovers, photographers, and anyone who appreciates the beauty of nature captured in golden light and stormy skies. WHAT YOU RECEIVE Instant digital download, five files. Nothing is posted to you. - Home print PDFs for A4 and US Letter, with cut and fold marks - A print-shop PDF at full size with 1/8 in (3.2 mm) bleed - JPG images for online card printers: the front, inside and back as separate images, as most card-printing sites ask for, plus the flat sheets - A one-page printing guide THE CARD A 7 × 5 in (17.8 × 12.7 cm) landscape card, folded along the top, with a pencil sketch and room inside for your own message. It prints at full size on A4 or US Letter card. THE QR CODE ON THE BACK The back of the card has a small QR code. Scanning it opens this same photograph as a large wall print in the shop: Dramatic Stormy Sea Sunset Print, a digital download to print at home or at a print shop, at sizes for framing. A nice extra for whoever receives the card. etsy.com/listing/4578910661 PRINTING At home: 200 to 300 gsm card, printed at Actual size (100%), two-sided, flipping on the short edge; then cut on the marks, score and fold. At a print shop: upload the print-shop PDF and order a 7 × 5 in (17.8 × 12.7 cm) landscape folded card, scored, on 300 to 350 gsm card. With an online card printer: upload the front, inside and back images from the zip; its README says which is which. ABOUT THE PHOTOS The table scenes are mockups to show the card; the props are not included. COLOUR Screens and printers vary, so the printed colour may differ a little from what you see here. PERSONAL USE Print as many cards as you like to send yourself. Please don't share or resell the files or the printed cards.",https://kirwana.github.io/p/4583486043.html,https://i.etsystatic.com/45832662/r/il/058a47/8633131261/il_fullxfull.8633131261_qmlh.jpg,"https://i.etsystatic.com/45832662/r/il/6d91b0/8585248752/il_fullxfull.8585248752_ttbn.jpg,https://i.etsystatic.com/45832662/r/il/0f1fd0/8633131289/il_fullxfull.8633131289_h2g3.jpg,https://i.etsystatic.com/45832662/r/il/16877e/8633090519/il_fullxfull.8633090519_mysd.jpg,https://i.etsystatic.com/45832662/r/il/219a8d/8633090537/il_fullxfull.8633090537_4gj8.jpg,https://i.etsystatic.com/45832662/r/il/917d90/8637030939/il_fullxfull.8637030939_b42j.jpg",4.99 AUD,in stock,new,Mirrors Fine Art,Printable greeting card
4583485529,Moeraki Boulders Printable Greeting Card,"An original photograph by Alan and Carolina, taken with a real camera, made into a folded greeting card you print yourself. This card features an original photograph of the famous Moeraki Boulders scattered along a misty New Zealand beach. Giant spherical stones rest on wet sand as gentle waves roll in, with a fog-shrouded cliff line fading into the distance. The soft, moody light and quiet coastal scene give the image a calm, contemplative feel. Inside is a light pencil sketch of the boulders, along with open space for your own handwritten message, making this card suitable for any occasion you choose to make it. It works beautifully as a birthday card, a thank you note, a sympathy card, or simply a just because greeting for someone who loves the ocean, travel, geology, or nature photography. A thoughtful choice for beach lovers, hikers, geologists, or anyone drawn to unique natural landscapes and dramatic coastal scenery. WHAT YOU RECEIVE Instant digital download, five files. Nothing is posted to you. - Home print PDFs for A4 and US Letter, with cut and fold marks - A print-shop PDF at full size with 1/8 in (3.2 mm) bleed - JPG images for online card printers: the front, inside and back as separate images, as most card-printing sites ask for, plus the flat sheets - A one-page printing guide THE CARD A 7 × 5 in (17.8 × 12.7 cm) landscape card, folded along the top, with a pencil sketch and room inside for your own message. It prints at full size on A4 or US Letter card. THE QR CODE ON THE BACK The back of the card has a small QR code. Scanning it opens this same photograph as a large wall print in the shop: Moeraki Boulders Print, a digital download to print at home or at a print shop, at sizes for framing. A nice extra for whoever receives the card. etsy.com/listing/4580189905 PRINTING At home: 200 to 300 gsm card, printed at Actual size (100%), two-sided, flipping on the short edge; then cut on the marks, score and fold. At a print shop: upload the print-shop PDF and order a 7 × 5 in (17.8 × 12.7 cm) landscape folded card, scored, on 300 to 350 gsm card. With an online card printer: upload the front, inside and back images from the zip; its README says which is which. ABOUT THE PHOTOS The table scenes are mockups to show the card; the props are not included. COLOUR Screens and printers vary, so the printed colour may differ a little from what you see here. PERSONAL USE Print as many cards as you like to send yourself. Please don't share or resell the files or the printed cards.",https://kirwana.github.io/p/4583485529.html,https://i.etsystatic.com/45832662/r/il/d9d9d6/8585307316/il_fullxfull.8585307316_8jkc.jpg,"https://i.etsystatic.com/45832662/r/il/3e5f97/8585256976/il_fullxfull.8585256976_2pvk.jpg,https://i.etsystatic.com/45832662/r/il/43223c/8633149001/il_fullxfull.8633149001_3lj2.jpg,https://i.etsystatic.com/45832662/r/il/d70952/8585257086/il_fullxfull.8585257086_k3ln.jpg,https://i.etsystatic.com/45832662/r/il/23203e/8633098921/il_fullxfull.8633098921_o8jl.jpg,https://i.etsystatic.com/45832662/r/il/6f90b3/8637023123/il_fullxfull.8637023123_smsg.jpg",4.99 AUD,in stock,new,Mirrors Fine Art,Printable greeting card
4583495576,Ocean Sunrise Printable Greeting Card,"An original photograph by Alan and Carolina, taken with a real camera, made into a folded greeting card you print yourself. This card features an original photograph of a glowing sunrise breaking over the ocean, with waves cascading over rocky tide pools in the foreground. Warm golden light meets cool blue water in a peaceful, uplifting scene that captures the quiet power of the sea at dawn. Inside you will find a light pencil sketch of the same coastal scene along with open space to write your own personal message, making this card suitable for any occasion, from birthdays and thank yous to encouragement or just because. It is a wonderful choice for nature lovers, beach enthusiasts, and anyone who finds calm in the rhythm of the ocean. The dramatic sunrise colors and flowing water make it a striking, memorable card that stands out from typical greeting cards, whether given to a friend, family member, or coworker who appreciates the beauty of the natural world. WHAT YOU RECEIVE Instant digital download, five files. Nothing is posted to you. - Home print PDFs for A4 and US Letter, with cut and fold marks - A print-shop PDF at full size with 1/8 in (3.2 mm) bleed - JPG images for online card printers: the front, inside and back as separate images, as most card-printing sites ask for, plus the flat sheets - A one-page printing guide THE CARD A 7 × 5 in (17.8 × 12.7 cm) landscape card, folded along the top, with a pencil sketch and room inside for your own message. It prints at full size on A4 or US Letter card. THE QR CODE ON THE BACK The back of the card has a small QR code. Scanning it opens this same photograph as a large wall print in the shop: Golden Hour Ocean Print, a digital download to print at home or at a print shop, at sizes for framing. A nice extra for whoever receives the card. etsy.com/listing/4578908431 PRINTING At home: 200 to 300 gsm card, printed at Actual size (100%), two-sided, flipping on the short edge; then cut on the marks, score and fold. At a print shop: upload the print-shop PDF and order a 7 × 5 in (17.8 × 12.7 cm) landscape folded card, scored, on 300 to 350 gsm card. With an online card printer: upload the front, inside and back images from the zip; its README says which is which. ABOUT THE PHOTOS The table scenes are mockups to show the card; the props are not included. COLOUR Screens and printers vary, so the printed colour may differ a little from what you see here. PERSONAL USE Print as many cards as you like to send yourself. Please don't share or resell the files or the printed cards.",https://kirwana.github.io/p/4583495576.html,https://i.etsystatic.com/45832662/r/il/57c2d3/8633153927/il_fullxfull.8633153927_h2c6.jpg,"https://i.etsystatic.com/45832662/r/il/e201ba/8633106303/il_fullxfull.8633106303_c7fs.jpg,https://i.etsystatic.com/45832662/r/il/144f85/8633153981/il_fullxfull.8633153981_itwx.jpg,https://i.etsystatic.com/45832662/r/il/718e9c/8585264406/il_fullxfull.8585264406_q46f.jpg,https://i.etsystatic.com/45832662/r/il/f55f96/8633106449/il_fullxfull.8633106449_9exg.jpg,https://i.etsystatic.com/45832662/r/il/1d8f41/8589175698/il_fullxfull.8589175698_ea49.jpg",4.99 AUD,in stock,new,Mirrors Fine Art,Printable greeting card
4583484721,Ocean Sunrise Printable Greeting Card,"An original photograph by Alan and Carolina, taken with a real camera, made into a folded greeting card you print yourself. A dramatic coastal sunrise fills this photograph, with brilliant orange and gold light breaking through heavy clouds above a rugged headland. In the foreground, ocean waves rush and swirl over dark rock pools, blurred by a long exposure into soft, silky ribbons of color that mirror the fiery sky above. This card suits nature lovers, beach wanderers, and anyone who finds peace by the sea. Its warm, hopeful glow makes it a lovely choice for a birthday, a thank you note, an encouraging just because message, or simply to let someone know you are thinking of them. Inside, a light pencil sketch of the same coastal scene leaves plenty of room for your own handwritten words, making this a thoughtful and personal card for any occasion that calls for a touch of natural beauty. WHAT YOU RECEIVE Instant digital download, five files. Nothing is posted to you. - Home print PDFs for A4 and US Letter, with cut and fold marks - A print-shop PDF at full size with 1/8 in (3.2 mm) bleed - JPG images for online card printers: the front, inside and back as separate images, as most card-printing sites ask for, plus the flat sheets - A one-page printing guide THE CARD A 7 × 5 in (17.8 × 12.7 cm) landscape card, folded along the top, with a pencil sketch and room inside for your own message. It prints at full size on A4 or US Letter card. THE QR CODE ON THE BACK The back of the card has a small QR code. Scanning it opens this same photograph as a large wall print in the shop: Fiery Sunset Seascape Print, a digital download to print at home or at a print shop, at sizes for framing. A nice extra for whoever receives the card. etsy.com/listing/4578928466 PRINTING At home: 200 to 300 gsm card, printed at Actual size (100%), two-sided, flipping on the short edge; then cut on the marks, score and fold. At a print shop: upload the print-shop PDF and order a 7 × 5 in (17.8 × 12.7 cm) landscape folded card, scored, on 300 to 350 gsm card. With an online card printer: upload the front, inside and back images from the zip; its README says which is which. ABOUT THE PHOTOS The table scenes are mockups to show the card; the props are not included. COLOUR Screens and printers vary, so the printed colour may differ a little from what you see here. PERSONAL USE Print as many cards as you like to send yourself. Please don't share or resell the files or the printed cards.",https://kirwana.github.io/p/4583484721.html,https://i.etsystatic.com/45832662/r/il/03d17c/8585307742/il_fullxfull.8585307742_1ohk.jpg,"https://i.etsystatic.com/45832662/r/il/ff05cd/8633099641/il_fullxfull.8633099641_4d0k.jpg,https://i.etsystatic.com/45832662/r/il/4e95e0/8633149437/il_fullxfull.8633149437_7i3r.jpg,https://i.etsystatic.com/45832662/r/il/99e561/8585257970/il_fullxfull.8585257970_98r4.jpg,https://i.etsystatic.com/45832662/r/il/42ceab/8585257996/il_fullxfull.8585257996_ogga.jpg,https://i.etsystatic.com/45832662/r/il/e436ea/8589181044/il_fullxfull.8589181044_iao1.jpg",4.99 AUD,in stock,new,Mirrors Fine Art,Printable greeting card
4583492210,Cliffs of Moher Printable Greeting Card,"An original photograph by Alan and Carolina, taken with a real camera, made into a folded greeting card you print yourself. This card features an original photograph of the dramatic Cliffs of Moher along Ireland's rugged Atlantic coastline. Towering green headlands rise above churning turquoise waves, with mist and moody storm clouds rolling in over the horizon, capturing the raw beauty and quiet power of this famous coastal landscape. Inside you will find a light pencil sketch of the cliffs and open space to write your own personal message, making this card suitable for almost any occasion. It is a wonderful choice for nature lovers, hikers, travelers, and anyone who loves the sea. Send it as a thank you, a birthday greeting, a just because note, or a gentle thinking of you card to someone who dreams of wild landscapes and coastal adventures. A striking piece of scenery that brings a sense of calm and grandeur to any greeting. WHAT YOU RECEIVE Instant digital download, five files. Nothing is posted to you. - Home print PDFs for A4 and US Letter, with cut and fold marks - A print-shop PDF at full size with 1/8 in (3.2 mm) bleed - JPG images for online card printers: the front, inside and back as separate images, as most card-printing sites ask for, plus the flat sheets - A one-page printing guide THE CARD A 7 × 5 in (17.8 × 12.7 cm) landscape card, folded along the top, with a pencil sketch and room inside for your own message. It prints at full size on A4 or US Letter card. THE QR CODE ON THE BACK The back of the card has a small QR code. Scanning it opens this same photograph as a large wall print in the shop: Cliffs of Moher Print, a digital download to print at home or at a print shop, at sizes for framing. A nice extra for whoever receives the card. etsy.com/listing/4578917383 PRINTING At home: 200 to 300 gsm card, printed at Actual size (100%), two-sided, flipping on the short edge; then cut on the marks, score and fold. At a print shop: upload the print-shop PDF and order a 7 × 5 in (17.8 × 12.7 cm) landscape folded card, scored, on 300 to 350 gsm card. With an online card printer: upload the front, inside and back images from the zip; its README says which is which. ABOUT THE PHOTOS The table scenes are mockups to show the card; the props are not included. COLOUR Screens and printers vary, so the printed colour may differ a little from what you see here. PERSONAL USE Print as many cards as you like to send yourself. Please don't share or resell the files or the printed cards.",https://kirwana.github.io/p/4583492210.html,https://i.etsystatic.com/45832662/r/il/5bff9c/8585291566/il_fullxfull.8585291566_ljk8.jpg,"https://i.etsystatic.com/45832662/r/il/1c8db1/8585252064/il_fullxfull.8585252064_rl6a.jpg,https://i.etsystatic.com/45832662/r/il/6d9982/8585291610/il_fullxfull.8585291610_fdy1.jpg,https://i.etsystatic.com/45832662/r/il/138c80/8585252158/il_fullxfull.8585252158_q6xy.jpg,https://i.etsystatic.com/45832662/r/il/263a25/8633093981/il_fullxfull.8633093981_na8i.jpg,https://i.etsystatic.com/45832662/r/il/4c4e0d/8589184604/il_fullxfull.8589184604_rfad.jpg",4.99 AUD,in stock,new,Mirrors Fine Art,Printable greeting card
4583490972,Coastal Cliffs Sunset Printable Card,"An original photograph by Alan and Carolina, taken with a real camera, made into a folded greeting card you print yourself. A golden sunset glows over rugged sandstone cliffs meeting the sea, with soft coastal haze rolling toward distant headlands. The warm light catches the layered rock face while gentle waves break along the shoreline below, capturing a peaceful moment along the coast. Inside, a light pencil sketch of the same coastal scene invites your own handwritten message, leaving plenty of room for a personal note. This card is not tied to any single occasion, making it a versatile choice for birthdays, thank you notes, congratulations, or simply reaching out to someone who loves the sea and open landscapes. Perfect for nature lovers, ocean enthusiasts, travelers, or anyone who appreciates a quiet coastal view. The warm, atmospheric tones make it a thoughtful gift for a friend, family member, or colleague who could use a moment of calm and natural beauty. [""photograph"",""digital download""] WHAT YOU RECEIVE Instant digital download, five files. Nothing is posted to you. - Home print PDFs for A4 and US Letter, with cut and fold marks - A print-shop PDF at full size with 1/8 in (3.2 mm) bleed - JPG images for online card printers: the front, inside and back as separate images, as most card-printing sites ask for, plus the flat sheets - A one-page printing guide THE CARD A 7 × 5 in (17.8 × 12.7 cm) landscape card, folded along the top, with a pencil sketch and room inside for your own message. It prints at full size on A4 or US Letter card. THE QR CODE ON THE BACK The back of the card has a small QR code. Scanning it opens this same photograph as a large wall print in the shop: Coastal Cliff Sunrise Print, a digital download to print at home or at a print shop, at sizes for framing. A nice extra for whoever receives the card. etsy.com/listing/4578915525 PRINTING At home: 200 to 300 gsm card, printed at Actual size (100%), two-sided, flipping on the short edge; then cut on the marks, score and fold. At a print shop: upload the print-shop PDF and order a 7 × 5 in (17.8 × 12.7 cm) landscape folded card, scored, on 300 to 350 gsm card. With an online card printer: upload the front, inside and back images from the zip; its README says which is which. ABOUT THE PHOTOS The table scenes are mockups to show the card; the props are not included. COLOUR Screens and printers vary, so the printed colour may differ a little from what you see here. PERSONAL USE Print as many cards as you like to send yourself. Please don't share or resell the files or the printed cards.",https://kirwana.github.io/p/4583490972.html,https://i.etsystatic.com/45832662/r/il/2c85a2/8633130263/il_fullxfull.8633130263_tv5v.jpg,"https://i.etsystatic.com/45832662/r/il/a2bf77/8585247294/il_fullxfull.8585247294_ntel.jpg,https://i.etsystatic.com/45832662/r/il/6af3df/8633130313/il_fullxfull.8633130313_gl6a.jpg,https://i.etsystatic.com/45832662/r/il/f3b23e/8585247374/il_fullxfull.8585247374_sfkq.jpg,https://i.etsystatic.com/45832662/r/il/11ffb5/8585247408/il_fullxfull.8585247408_ttom.jpg,https://i.etsystatic.com/45832662/r/il/131c27/8637033611/il_fullxfull.8637033611_7mkh.jpg",4.99 AUD,in stock,new,Mirrors Fine Art,Printable greeting card
4583490642,Cradle Mountain Lake Printable Card,"An original photograph by Alan and Carolina, taken with a real camera, made into a folded greeting card you print yourself. This card features an original photograph of Cradle Mountain and Dove Lake in Tasmania, taken beneath a heavy, brooding sky. Lichen-covered boulders rise from still, glassy water in the foreground, their gold and green textures catching the light, while jagged peaks fade into the mist beyond the lake's calm surface. Inside, a light pencil sketch echoes the scene, leaving plenty of open space for your own handwritten note. Its quiet, dramatic mood suits nature lovers, hikers and anyone who loves wild landscapes. Perfect for a birthday, thank you, thinking of you, or just because message, this card works equally well for a gentle sympathy note thanks to its calm, reflective tone. A wonderful choice for outdoor enthusiasts, photographers, or anyone who appreciates the raw beauty of mountain scenery. WHAT YOU RECEIVE Instant digital download, five files. Nothing is posted to you. - Home print PDFs for A4 and US Letter, with cut and fold marks - A print-shop PDF at full size with 1/8 in (3.2 mm) bleed - JPG images for online card printers: the front, inside and back as separate images, as most card-printing sites ask for, plus the flat sheets - A one-page printing guide THE CARD A 7 × 5 in (17.8 × 12.7 cm) landscape card, folded along the top, with a pencil sketch and room inside for your own message. It prints at full size on A4 or US Letter card. THE QR CODE ON THE BACK The back of the card has a small QR code. Scanning it opens this same photograph as a large wall print in the shop: Cradle Mountain Tasmania Print, a digital download to print at home or at a print shop, at sizes for framing. A nice extra for whoever receives the card. etsy.com/listing/4580194494 PRINTING At home: 200 to 300 gsm card, printed at Actual size (100%), two-sided, flipping on the short edge; then cut on the marks, score and fold. At a print shop: upload the print-shop PDF and order a 7 × 5 in (17.8 × 12.7 cm) landscape folded card, scored, on 300 to 350 gsm card. With an online card printer: upload the front, inside and back images from the zip; its README says which is which. ABOUT THE PHOTOS The table scenes are mockups to show the card; the props are not included. COLOUR Screens and printers vary, so the printed colour may differ a little from what you see here. PERSONAL USE Print as many cards as you like to send yourself. Please don't share or resell the files or the printed cards.",https://kirwana.github.io/p/4583490642.html,https://i.etsystatic.com/45832662/r/il/f268e9/8585290006/il_fullxfull.8585290006_d7hq.jpg,"https://i.etsystatic.com/45832662/r/il/15e41f/8633091233/il_fullxfull.8633091233_o7xs.jpg,https://i.etsystatic.com/45832662/r/il/d8a23d/8633131855/il_fullxfull.8633131855_fpih.jpg,https://i.etsystatic.com/45832662/r/il/98aee5/8633091315/il_fullxfull.8633091315_8e6s.jpg,https://i.etsystatic.com/45832662/r/il/6ff9d4/8633091355/il_fullxfull.8633091355_doui.jpg,https://i.etsystatic.com/45832662/r/il/036a9b/8637029555/il_fullxfull.8637029555_o93t.jpg",4.99 AUD,in stock,new,Mirrors Fine Art,Printable greeting card
4583479659,Coastal Cliff Sunset Printable Card,"An original photograph by Alan and Carolina, taken with a real camera, made into a folded greeting card you print yourself. This card features an original photograph of a dramatic coastal seascape at sunset. Golden light breaks through moody storm clouds along the horizon while a rugged headland rises above the shore. In the foreground, weathered rock formations sit amid the soft, silky blur of ocean waves rushing over them, captured with a long exposure that gives the water a dreamy, misty quality. The dramatic sky and textured rocks make this a striking choice for anyone who loves the ocean, coastal landscapes, or fine art nature photography. It suits a birthday, thank you note, congratulations, or just because message to a beach lover, hiker, or photography enthusiast. Inside, a light pencil sketch of the same scene invites a heartfelt handwritten note, making it a versatile card for nearly any occasion or recipient who appreciates natural beauty. WHAT YOU RECEIVE Instant digital download, five files. Nothing is posted to you. - Home print PDFs for A4 and US Letter, with cut and fold marks - A print-shop PDF at full size with 1/8 in (3.2 mm) bleed - JPG images for online card printers: the front, inside and back as separate images, as most card-printing sites ask for, plus the flat sheets - A one-page printing guide THE CARD A 7 × 5 in (17.8 × 12.7 cm) landscape card, folded along the top, with a pencil sketch and room inside for your own message. It prints at full size on A4 or US Letter card. THE QR CODE ON THE BACK The back of the card has a small QR code. Scanning it opens this same photograph as a large wall print in the shop: Dramatic Coastal Sunrise Seascape Print, a digital download to print at home or at a print shop, at sizes for framing. A nice extra for whoever receives the card. etsy.com/listing/4578927442 PRINTING At home: 200 to 300 gsm card, printed at Actual size (100%), two-sided, flipping on the short edge; then cut on the marks, score and fold. At a print shop: upload the print-shop PDF and order a 7 × 5 in (17.8 × 12.7 cm) landscape folded card, scored, on 300 to 350 gsm card. With an online card printer: upload the front, inside and back images from the zip; its README says which is which. ABOUT THE PHOTOS The table scenes are mockups to show the card; the props are not included. COLOUR Screens and printers vary, so the printed colour may differ a little from what you see here. PERSONAL USE Print as many cards as you like to send yourself. Please don't share or resell the files or the printed cards.",https://kirwana.github.io/p/4583479659.html,https://i.etsystatic.com/45832662/r/il/5bb4bb/8633154351/il_fullxfull.8633154351_tppx.jpg,"https://i.etsystatic.com/45832662/r/il/369fe1/8633107139/il_fullxfull.8633107139_ioha.jpg,https://i.etsystatic.com/45832662/r/il/7385e3/8633154393/il_fullxfull.8633154393_s1bb.jpg,https://i.etsystatic.com/45832662/r/il/946fb3/8585265312/il_fullxfull.8585265312_c7t3.jpg,https://i.etsystatic.com/45832662/r/il/7a9645/8633107263/il_fullxfull.8633107263_bsk9.jpg,https://i.etsystatic.com/45832662/r/il/6cabc0/8589174300/il_fullxfull.8589174300_nyjb.jpg",4.99 AUD,in stock,new,Mirrors Fine Art,Printable greeting card
4583489442,Black and White Pier Printable Card,"An original photograph by Alan and Carolina, taken with a real camera, made into a folded greeting card you print yourself. A tranquil black and white photograph of a weathered wooden pier stretching into calm coastal waters, its reflection mirrored in the still shallows below. Soft clouds drift across a moody sky, while scattered rocks and gentle tide pools add quiet texture to the scene. The pier's old lampposts and a small shelter at its end evoke a sense of timeless stillness and peaceful solitude. This card suits nature lovers, beach wanderers and anyone who appreciates classic coastal scenery. It works beautifully as a thank you card, a just because note, or a thoughtful hello for someone who loves the sea and quiet places. Inside, a light pencil sketch of the pier awaits your own handwritten message, leaving room for birthdays, encouragement, sympathy or simple friendly greetings. A versatile, elegant design fit for any occasion where a calm, artistic touch is welcome. WHAT YOU RECEIVE Instant digital download, five files. Nothing is posted to you. - Home print PDFs for A4 and US Letter, with cut and fold marks - A print-shop PDF at full size with 1/8 in (3.2 mm) bleed - JPG images for online card printers: the front, inside and back as separate images, as most card-printing sites ask for, plus the flat sheets - A one-page printing guide THE CARD A 7 × 5 in (17.8 × 12.7 cm) landscape card, folded along the top, with a pencil sketch and room inside for your own message. It prints at full size on A4 or US Letter card. PRINTING At home: 200 to 300 gsm card, printed at Actual size (100%), two-sided, flipping on the short edge; then cut on the marks, score and fold. At a print shop: upload the print-shop PDF and order a 7 × 5 in (17.8 × 12.7 cm) landscape folded card, scored, on 300 to 350 gsm card. With an online card printer: upload the front, inside and back images from the zip; its README says which is which. ABOUT THE PHOTOS The table scenes are mockups to show the card; the props are not included. COLOUR Screens and printers vary, so the printed colour may differ a little from what you see here. PERSONAL USE Print as many cards as you like to send yourself. Please don't share or resell the files or the printed cards.",https://kirwana.github.io/p/4583489442.html,https://i.etsystatic.com/45832662/r/il/349098/8585315520/il_fullxfull.8585315520_9dar.jpg,"https://i.etsystatic.com/45832662/r/il/7572c8/8633111761/il_fullxfull.8633111761_iol4.jpg,https://i.etsystatic.com/45832662/r/il/8e5d1d/8633157331/il_fullxfull.8633157331_pndg.jpg,https://i.etsystatic.com/45832662/r/il/b04271/8585269992/il_fullxfull.8585269992_lwxr.jpg,https://i.etsystatic.com/45832662/r/il/1b9c88/8633111931/il_fullxfull.8633111931_do8i.jpg,https://i.etsystatic.com/45832662/r/il/956dca/8589130498/il_fullxfull.8589130498_ikti.jpg",4.99 AUD,in stock,new,Mirrors Fine Art,Printable greeting card
4583488876,Quiet Dock Printable Greeting Card,"An original photograph by Alan and Carolina, taken with a real camera, made into a folded greeting card you print yourself. This card features a serene black and white photograph of a wooden dock stretching into still lake waters, framed by a dark silhouette of trees along the far shore. The calm, misty atmosphere and gentle reflections create a quiet, contemplative mood, perfect for a moment of pause. Inside, a light pencil sketch echoes the dock scene, leaving open space for your own personal note or greeting. The simplicity and tranquility of this image make it a wonderful choice for nature lovers, photography enthusiasts, or anyone who appreciates peaceful landscapes. Well suited for a thank you note, a just because message, sympathy card, or simply to share a calming image with someone who loves the outdoors. Its timeless, monochrome style fits any occasion where a thoughtful, understated card feels right. WHAT YOU RECEIVE Instant digital download, five files. Nothing is posted to you. - Home print PDFs for A4 and US Letter, with cut and fold marks - A print-shop PDF at full size with 1/8 in (3.2 mm) bleed - JPG images for online card printers: the front, inside and back as separate images, as most card-printing sites ask for, plus the flat sheets - A one-page printing guide THE CARD A 7 × 5 in (17.8 × 12.7 cm) landscape card, folded along the top, with a pencil sketch and room inside for your own message. It prints at full size on A4 or US Letter card. THE QR CODE ON THE BACK The back of the card has a small QR code. Scanning it opens this same photograph as a large wall print in the shop: Black and White Jetty Print, a digital download to print at home or at a print shop, at sizes for framing. A nice extra for whoever receives the card. etsy.com/listing/4580125448 PRINTING At home: 200 to 300 gsm card, printed at Actual size (100%), two-sided, flipping on the short edge; then cut on the marks, score and fold. At a print shop: upload the print-shop PDF and order a 7 × 5 in (17.8 × 12.7 cm) landscape folded card, scored, on 300 to 350 gsm card. With an online card printer: upload the front, inside and back images from the zip; its README says which is which. ABOUT THE PHOTOS The table scenes are mockups to show the card; the props are not included. COLOUR Screens and printers vary, so the printed colour may differ a little from what you see here. PERSONAL USE Print as many cards as you like to send yourself. Please don't share or resell the files or the printed cards.",https://kirwana.github.io/p/4583488876.html,https://i.etsystatic.com/45832662/r/il/d8a636/8585314576/il_fullxfull.8585314576_a0t2.jpg,"https://i.etsystatic.com/45832662/r/il/62ba01/8633110921/il_fullxfull.8633110921_so7l.jpg,https://i.etsystatic.com/45832662/r/il/cd6836/8633156335/il_fullxfull.8633156335_t12a.jpg,https://i.etsystatic.com/45832662/r/il/84fc8a/8585269014/il_fullxfull.8585269014_6p3e.jpg,https://i.etsystatic.com/45832662/r/il/acd291/8585269042/il_fullxfull.8585269042_bzzn.jpg,https://i.etsystatic.com/45832662/r/il/7ced15/8589170370/il_fullxfull.8589170370_rdjv.jpg",4.99 AUD,in stock,new,Mirrors Fine Art,Printable greeting card
4583488238,Milky Way Church Printable Greeting Card,"An original photograph by Alan and Carolina, taken with a real camera, made into a folded greeting card you print yourself. This card features a stunning night photograph of a historic stone church beneath a brilliant Milky Way, its stars scattered across a deep indigo sky above a quiet, rolling landscape. The soft glow on the horizon and the tiny cross beside the chapel add a peaceful, reflective feel to the scene. Inside, a delicate pencil sketch of the same church awaits your personal message, leaving space to write your own words for any occasion. Its quiet, starlit beauty makes it a lovely choice for thank you notes, thinking of you cards, sympathy cards, or just because greetings. Perfect for astronomy lovers, night sky photographers, travelers, and anyone who appreciates a peaceful landscape and a touch of wonder. This original photograph brings a serene, meditative mood to any greeting. [""photograph"",""digital download""] WHAT YOU RECEIVE Instant digital download, five files. Nothing is posted to you. - Home print PDFs for A4 and US Letter, with cut and fold marks - A print-shop PDF at full size with 1/8 in (3.2 mm) bleed - JPG images for online card printers: the front, inside and back as separate images, as most card-printing sites ask for, plus the flat sheets - A one-page printing guide THE CARD A 7 × 5 in (17.8 × 12.7 cm) landscape card, folded along the top, with a pencil sketch and room inside for your own message. It prints at full size on A4 or US Letter card. THE QR CODE ON THE BACK The back of the card has a small QR code. Scanning it opens this same photograph as a large wall print in the shop: Lake Tekapo Church Print, a digital download to print at home or at a print shop, at sizes for framing. A nice extra for whoever receives the card. etsy.com/listing/4580196892 PRINTING At home: 200 to 300 gsm card, printed at Actual size (100%), two-sided, flipping on the short edge; then cut on the marks, score and fold. At a print shop: upload the print-shop PDF and order a 7 × 5 in (17.8 × 12.7 cm) landscape folded card, scored, on 300 to 350 gsm card. With an online card printer: upload the front, inside and back images from the zip; its README says which is which. ABOUT THE PHOTOS The table scenes are mockups to show the card; the props are not included. COLOUR Screens and printers vary, so the printed colour may differ a little from what you see here. PERSONAL USE Print as many cards as you like to send yourself. Please don't share or resell the files or the printed cards.",https://kirwana.github.io/p/4583488238.html,https://i.etsystatic.com/45832662/r/il/a14051/8633154853/il_fullxfull.8633154853_r9n4.jpg,"https://i.etsystatic.com/45832662/r/il/e12781/8633108335/il_fullxfull.8633108335_fwxz.jpg,https://i.etsystatic.com/45832662/r/il/f58f18/8633154911/il_fullxfull.8633154911_m9kf.jpg,https://i.etsystatic.com/45832662/r/il/d62a58/8633108473/il_fullxfull.8633108473_o027.jpg,https://i.etsystatic.com/45832662/r/il/3909d8/8585266514/il_fullxfull.8585266514_tpv2.jpg,https://i.etsystatic.com/45832662/r/il/219763/8589172968/il_fullxfull.8589172968_ix2c.jpg",4.99 AUD,in stock,new,Mirrors Fine Art,Printable greeting card
4583486806,Coastal Cliff Sunset Printable Card,"An original photograph by Alan and Carolina, taken with a real camera, made into a folded greeting card you print yourself. This card features an original photograph of a golden sunset glowing over rugged sandstone cliffs and a calm coastal sea. Warm amber light washes across the sky and headlands while gentle waves break along the rocky shore below, capturing a quiet, peaceful moment by the ocean. Inside you will find a light pencil sketch of the same cliff and coastline, along with open space to write your own personal message, making this card suited to any occasion you choose. This design is perfect for nature lovers, bird lovers, beach walkers and anyone who appreciates coastal scenery and golden hour light. It works beautifully as a thank you card, a just because card, a birthday card for someone who loves the sea, or a thinking of you card for a friend who treasures quiet landscapes and travel memories. WHAT YOU RECEIVE Instant digital download, five files. Nothing is posted to you. - Home print PDFs for A4 and US Letter, with cut and fold marks - A print-shop PDF at full size with 1/8 in (3.2 mm) bleed - JPG images for online card printers: the front, inside and back as separate images, as most card-printing sites ask for, plus the flat sheets - A one-page printing guide THE CARD A 7 × 5 in (17.8 × 12.7 cm) landscape card, folded along the top, with a pencil sketch and room inside for your own message. It prints at full size on A4 or US Letter card. THE QR CODE ON THE BACK The back of the card has a small QR code. Scanning it opens this same photograph as a large wall print in the shop: Coastal Cliff Sunrise Print, a digital download to print at home or at a print shop, at sizes for framing. A nice extra for whoever receives the card. etsy.com/listing/4578915525 PRINTING At home: 200 to 300 gsm card, printed at Actual size (100%), two-sided, flipping on the short edge; then cut on the marks, score and fold. At a print shop: upload the print-shop PDF and order a 7 × 5 in (17.8 × 12.7 cm) landscape folded card, scored, on 300 to 350 gsm card. With an online card printer: upload the front, inside and back images from the zip; its README says which is which. ABOUT THE PHOTOS The table scenes are mockups to show the card; the props are not included. COLOUR Screens and printers vary, so the printed colour may differ a little from what you see here. PERSONAL USE Print as many cards as you like to send yourself. Please don't share or resell the files or the printed cards.",https://kirwana.github.io/p/4583486806.html,https://i.etsystatic.com/45832662/r/il/6f5b54/8633155409/il_fullxfull.8633155409_dn65.jpg,"https://i.etsystatic.com/45832662/r/il/f610fd/8585267306/il_fullxfull.8585267306_ead6.jpg,https://i.etsystatic.com/45832662/r/il/67b535/8633155465/il_fullxfull.8633155465_c41t.jpg,https://i.etsystatic.com/45832662/r/il/75507c/8585267386/il_fullxfull.8585267386_kjbl.jpg,https://i.etsystatic.com/45832662/r/il/323715/8585267438/il_fullxfull.8585267438_lsrm.jpg,https://i.etsystatic.com/45832662/r/il/8b2d75/8637012387/il_fullxfull.8637012387_b7x4.jpg",4.99 AUD,in stock,new,Mirrors Fine Art,Printable greeting card
4583485334,Ocean Sunrise Waves Printable Card,"An original photograph by Alan and Carolina, taken with a real camera, made into a folded greeting card you print yourself. A radiant sunrise breaks over the ocean horizon, its golden light spilling across rolling waves as they crash and cascade over dark rocky shelves in the foreground. Sea spray catches the warm glow, creating a scene full of movement, energy and calm all at once. This original coastal photograph makes a beautiful greeting card for anyone who loves the sea, sunrises or dramatic nature scenery. Inside is a light pencil sketch of the same view along with open space for your own handwritten message, making it suited to birthdays, thank you notes, encouragement, or just because you are thinking of someone. It also works wonderfully as a thoughtful card for a beach lover, traveler, or nature enthusiast in your life. A versatile design perfect for anyone who appreciates the beauty of the ocean at sunrise. WHAT YOU RECEIVE Instant digital download, five files. Nothing is posted to you. - Home print PDFs for A4 and US Letter, with cut and fold marks - A print-shop PDF at full size with 1/8 in (3.2 mm) bleed - JPG images for online card printers: the front, inside and back as separate images, as most card-printing sites ask for, plus the flat sheets - A one-page printing guide THE CARD A 7 × 5 in (17.8 × 12.7 cm) landscape card, folded along the top, with a pencil sketch and room inside for your own message. It prints at full size on A4 or US Letter card. THE QR CODE ON THE BACK The back of the card has a small QR code. Scanning it opens this same photograph as a large wall print in the shop: Golden Hour Ocean Print, a digital download to print at home or at a print shop, at sizes for framing. A nice extra for whoever receives the card. etsy.com/listing/4578908431 PRINTING At home: 200 to 300 gsm card, printed at Actual size (100%), two-sided, flipping on the short edge; then cut on the marks, score and fold. At a print shop: upload the print-shop PDF and order a 7 × 5 in (17.8 × 12.7 cm) landscape folded card, scored, on 300 to 350 gsm card. With an online card printer: upload the front, inside and back images from the zip; its README says which is which. ABOUT THE PHOTOS The table scenes are mockups to show the card; the props are not included. COLOUR Screens and printers vary, so the printed colour may differ a little from what you see here. PERSONAL USE Print as many cards as you like to send yourself. Please don't share or resell the files or the printed cards.",https://kirwana.github.io/p/4583485334.html,https://i.etsystatic.com/45832662/r/il/cd139e/8633157771/il_fullxfull.8633157771_3xli.jpg,"https://i.etsystatic.com/45832662/r/il/8f4cbc/8585271024/il_fullxfull.8585271024_8ave.jpg,https://i.etsystatic.com/45832662/r/il/f5de2a/8585316066/il_fullxfull.8585316066_k83u.jpg,https://i.etsystatic.com/45832662/r/il/a0f804/8633112963/il_fullxfull.8633112963_3k0w.jpg,https://i.etsystatic.com/45832662/r/il/94fa4c/8633113025/il_fullxfull.8633113025_lea7.jpg,https://i.etsystatic.com/45832662/r/il/3f5980/8637009927/il_fullxfull.8637009927_axh5.jpg",4.99 AUD,in stock,new,Mirrors Fine Art,Printable greeting card
4583474125,Sydney Harbour Bridge Printable Card,"An original photograph by Alan and Carolina, taken with a real camera, made into a folded greeting card you print yourself. This card showcases a striking black and white photograph of the Sydney Harbour Bridge illuminated at night, its steel arch glowing against a dark sky while the city skyline glimmers in the distance and the harbour waters reflect the scene in soft, silvery light. Inside, a light pencil sketch of the bridge greets the recipient, leaving plenty of room for your own personal message. The timeless, dramatic image makes this card perfect for architecture and travel lovers, city dwellers, or anyone who appreciates fine art photography. Its versatile design suits birthdays, thank you notes, congratulations, or a simple just because greeting. Whether sent to a fan of urban landscapes or someone who loves iconic landmarks, this elegant card brings a touch of nighttime magic to any occasion worth celebrating. WHAT YOU RECEIVE Instant digital download, five files. Nothing is posted to you. - Home print PDFs for A4 and US Letter, with cut and fold marks - A print-shop PDF at full size with 1/8 in (3.2 mm) bleed - JPG images for online card printers: the front, inside and back as separate images, as most card-printing sites ask for, plus the flat sheets - A one-page printing guide THE CARD A 7 × 5 in (17.8 × 12.7 cm) landscape card, folded along the top, with a pencil sketch and room inside for your own message. It prints at full size on A4 or US Letter card. THE QR CODE ON THE BACK The back of the card has a small QR code. Scanning it opens this same photograph as a large wall print in the shop: Black and White Sydney Harbour Bridge Print, a digital download to print at home or at a print shop, at sizes for framing. A nice extra for whoever receives the card. etsy.com/listing/4580127152 PRINTING At home: 200 to 300 gsm card, printed at Actual size (100%), two-sided, flipping on the short edge; then cut on the marks, score and fold. At a print shop: upload the print-shop PDF and order a 7 × 5 in (17.8 × 12.7 cm) landscape folded card, scored, on 300 to 350 gsm card. With an online card printer: upload the front, inside and back images from the zip; its README says which is which. ABOUT THE PHOTOS The table scenes are mockups to show the card; the props are not included. COLOUR Screens and printers vary, so the printed colour may differ a little from what you see here. PERSONAL USE Print as many cards as you like to send yourself. Please don't share or resell the files or the printed cards.",https://kirwana.github.io/p/4583474125.html,https://i.etsystatic.com/45832662/r/il/461d63/8585308804/il_fullxfull.8585308804_nqgm.jpg,"https://i.etsystatic.com/45832662/r/il/969569/8633100591/il_fullxfull.8633100591_k9ps.jpg,https://i.etsystatic.com/45832662/r/il/2ec37e/8585308874/il_fullxfull.8585308874_lm63.jpg,https://i.etsystatic.com/45832662/r/il/52579d/8633100725/il_fullxfull.8633100725_2ubi.jpg,https://i.etsystatic.com/45832662/r/il/577230/8585258958/il_fullxfull.8585258958_qedh.jpg,https://i.etsystatic.com/45832662/r/il/d53afd/8589179652/il_fullxfull.8589179652_pfs6.jpg",4.99 AUD,in stock,new,Mirrors Fine Art,Printable greeting card
4583477290,Sunflower Printable Greeting Card,"An original photograph by Alan and Carolina, taken with a real camera, made into a folded greeting card you print yourself. This card features a close-up photograph of a sunflower in full bloom, its golden petals glowing against a clear blue sky. The rich detail of the seed-filled center and warm amber tones capture the bright, cheerful spirit of summer. Inside is a light pencil sketch of the sunflower, leaving plenty of room for your own handwritten message. Its warm and sunny character makes it a lovely choice for a birthday, a thank you note, a just because card, or any moment you want to send a little sunshine to someone special. This design suits nature lovers, gardeners, and anyone who appreciates the beauty of flowers photographed in natural light. The simple, timeless composition works well for both casual and heartfelt greetings, making it a versatile card to keep on hand for any occasion throughout the year. WHAT YOU RECEIVE Instant digital download, five files. Nothing is posted to you. - Home print PDFs for A4 and US Letter, with cut and fold marks - A print-shop PDF at full size with 3 mm bleed - JPG images for online card printers: the front, inside and back as separate images, as most card-printing sites ask for, plus the flat sheets - A one-page printing guide THE CARD A 150 mm square (5.9 in) card, folded at the side, with a pencil sketch and room inside for your own message. At home it prints at 136 mm square (5.4 in) on A4 and 127 mm square (5 in) on US Letter, a little smaller than full size, because opened out it is wider than the paper; a print shop prints the full 150 mm square (5.9 in). PRINTING At home: 200 to 300 gsm card, printed at Actual size (100%), two-sided, flipping on the short edge; then cut on the marks, score and fold. At a print shop: upload the print-shop PDF and order a 150 mm square (5.9 in) folded card, scored, on 300 to 350 gsm card. With an online card printer: upload the front, inside and back images from the zip; its README says which is which. ABOUT THE PHOTOS The table scenes are mockups to show the card; the props are not included. COLOUR Screens and printers vary, so the printed colour may differ a little from what you see here. PERSONAL USE Print as many cards as you like to send yourself. Please don't share or resell the files or the printed cards.",https://kirwana.github.io/p/4583477290.html,https://i.etsystatic.com/45832662/r/il/735dc2/8585195010/il_fullxfull.8585195010_mxd7.jpg,"https://i.etsystatic.com/45832662/r/il/86d235/8633037441/il_fullxfull.8633037441_2lo0.jpg,https://i.etsystatic.com/45832662/r/il/cd2aa4/8585469678/il_fullxfull.8585469678_t2yv.jpg,https://i.etsystatic.com/45832662/r/il/9fd2aa/8633037565/il_fullxfull.8633037565_74c4.jpg,https://i.etsystatic.com/45832662/r/il/31e4a4/8585195228/il_fullxfull.8585195228_57dk.jpg,https://i.etsystatic.com/45832662/r/il/bd4141/8633037635/il_fullxfull.8633037635_qjhu.jpg",4.99 AUD,in stock,new,Mirrors Fine Art,Printable greeting card
4583476624,Wisteria Blossom Printable Greeting Card,"An original photograph by Alan and Carolina, taken with a real camera, made into a folded greeting card you print yourself. This card features a close up photograph of cascading wisteria blossoms, their pale lilac petals catching soft sunlight against a blurred backdrop of green foliage. The delicate clusters hang like natural chandeliers, capturing the gentle beauty of a garden in full spring bloom. Perfect for anyone who loves flowers, gardens or nature photography, this card suits birthdays, thank you notes, get well wishes or simply saying you are thinking of someone. The soft, romantic tones make it especially fitting for spring celebrations, or as a thoughtful gift for a gardener or nature lover in your life. Inside, a light pencil sketch of the wisteria awaits your own personal message, leaving room to color it in or simply write your note as is. A versatile, elegant design suited to many occasions throughout the year. WHAT YOU RECEIVE Instant digital download, five files. Nothing is posted to you. - Home print PDFs for A4 and US Letter, with cut and fold marks - A print-shop PDF at full size with 3 mm bleed - JPG images for online card printers: the front, inside and back as separate images, as most card-printing sites ask for, plus the flat sheets - A one-page printing guide THE CARD A 150 mm square (5.9 in) card, folded at the side, with a pencil sketch and room inside for your own message. At home it prints at 136 mm square (5.4 in) on A4 and 127 mm square (5 in) on US Letter, a little smaller than full size, because opened out it is wider than the paper; a print shop prints the full 150 mm square (5.9 in). PRINTING At home: 200 to 300 gsm card, printed at Actual size (100%), two-sided, flipping on the short edge; then cut on the marks, score and fold. At a print shop: upload the print-shop PDF and order a 150 mm square (5.9 in) folded card, scored, on 300 to 350 gsm card. With an online card printer: upload the front, inside and back images from the zip; its README says which is which. ABOUT THE PHOTOS The table scenes are mockups to show the card; the props are not included. COLOUR Screens and printers vary, so the printed colour may differ a little from what you see here. PERSONAL USE Print as many cards as you like to send yourself. Please don't share or resell the files or the printed cards.",https://kirwana.github.io/p/4583476624.html,https://i.etsystatic.com/45832662/r/il/62cde2/8585183692/il_fullxfull.8585183692_mria.jpg,"https://i.etsystatic.com/45832662/r/il/5606cd/8585183728/il_fullxfull.8585183728_b0v9.jpg,https://i.etsystatic.com/45832662/r/il/6bd342/8633303489/il_fullxfull.8633303489_mv4r.jpg,https://i.etsystatic.com/45832662/r/il/f9fd7e/8633026017/il_fullxfull.8633026017_a0ml.jpg,https://i.etsystatic.com/45832662/r/il/2469a9/8633026083/il_fullxfull.8633026083_rsun.jpg,https://i.etsystatic.com/45832662/r/il/a92331/8633026121/il_fullxfull.8633026121_gzoo.jpg",4.99 AUD,in stock,new,Mirrors Fine Art,Printable greeting card
4583465237,California Poppy Printable Greeting Card,"An original photograph by Alan and Carolina, taken with a real camera, made into a folded greeting card you print yourself. A vivid California poppy opens fully to the sun, its golden orange petals glowing against a soft green garden backdrop. Captured in close, sunlit detail, this original photograph celebrates the simple beauty of a single wildflower in bloom. Inside, a light pencil sketch of the poppy echoes the cover, leaving plenty of room for your own handwritten note. The blank interior makes this card wonderfully versatile, perfect for birthdays, thank you notes, encouragement, or just because. Ideal for gardeners, nature lovers, and anyone who appreciates botanical beauty, this card brings a bright and cheerful moment to whoever receives it. Its warm colors and natural charm suit both casual and heartfelt occasions, making it a lovely keepsake for friends and family who love flowers and the outdoors. WHAT YOU RECEIVE Instant digital download, five files. Nothing is posted to you. - Home print PDFs for A4 and US Letter, with cut and fold marks - A print-shop PDF at full size with 3 mm bleed - JPG images for online card printers: the front, inside and back as separate images, as most card-printing sites ask for, plus the flat sheets - A one-page printing guide THE CARD A 150 mm square (5.9 in) card, folded at the side, with a pencil sketch and room inside for your own message. At home it prints at 136 mm square (5.4 in) on A4 and 127 mm square (5 in) on US Letter, a little smaller than full size, because opened out it is wider than the paper; a print shop prints the full 150 mm square (5.9 in). PRINTING At home: 200 to 300 gsm card, printed at Actual size (100%), two-sided, flipping on the short edge; then cut on the marks, score and fold. At a print shop: upload the print-shop PDF and order a 150 mm square (5.9 in) folded card, scored, on 300 to 350 gsm card. With an online card printer: upload the front, inside and back images from the zip; its README says which is which. ABOUT THE PHOTOS The table scenes are mockups to show the card; the props are not included. COLOUR Screens and printers vary, so the printed colour may differ a little from what you see here. PERSONAL USE Print as many cards as you like to send yourself. Please don't share or resell the files or the printed cards.",https://kirwana.github.io/p/4583465237.html,https://i.etsystatic.com/45832662/r/il/7d56c8/8585182876/il_fullxfull.8585182876_d9c3.jpg,"https://i.etsystatic.com/45832662/r/il/c6ecbb/8633025003/il_fullxfull.8633025003_fibl.jpg,https://i.etsystatic.com/45832662/r/il/236546/8585460822/il_fullxfull.8585460822_cye4.jpg,https://i.etsystatic.com/45832662/r/il/9d7f6b/8585183004/il_fullxfull.8585183004_njvk.jpg,https://i.etsystatic.com/45832662/r/il/ce6f1f/8633025125/il_fullxfull.8633025125_5flk.jpg,https://i.etsystatic.com/45832662/r/il/d7fccb/8585183068/il_fullxfull.8585183068_8guu.jpg",4.99 AUD,in stock,new,Mirrors Fine Art,Printable greeting card
4583473652,Marigold Bloom Printable Greeting Card,"An original photograph by Alan and Carolina, taken with a real camera, made into a folded greeting card you print yourself. A vivid marigold flower photographed in full bloom, its ruffled orange and gold petals glowing in warm sunlight against a soft green garden backdrop. The rich layers of color and texture capture the flower at its most vibrant, making this a cheerful card for anyone who loves gardens and nature. Inside is a light pencil sketch of the same marigold, with plenty of room for your own handwritten message. Because it is left open rather than tied to one occasion, this card works beautifully as a birthday greeting, a thank you note, a get well message, or simply a just because hello to someone who appreciates flowers. Perfect for gardeners, nature lovers, and anyone who enjoys bright floral imagery, this card brings a bit of sunny garden charm to any occasion you choose. WHAT YOU RECEIVE Instant digital download, five files. Nothing is posted to you. - Home print PDFs for A4 and US Letter, with cut and fold marks - A print-shop PDF at full size with 3 mm bleed - JPG images for online card printers: the front, inside and back as separate images, as most card-printing sites ask for, plus the flat sheets - A one-page printing guide THE CARD A 150 mm square (5.9 in) card, folded at the side, with a pencil sketch and room inside for your own message. At home it prints at 136 mm square (5.4 in) on A4 and 127 mm square (5 in) on US Letter, a little smaller than full size, because opened out it is wider than the paper; a print shop prints the full 150 mm square (5.9 in). PRINTING At home: 200 to 300 gsm card, printed at Actual size (100%), two-sided, flipping on the short edge; then cut on the marks, score and fold. At a print shop: upload the print-shop PDF and order a 150 mm square (5.9 in) folded card, scored, on 300 to 350 gsm card. With an online card printer: upload the front, inside and back images from the zip; its README says which is which. ABOUT THE PHOTOS The table scenes are mockups to show the card; the props are not included. COLOUR Screens and printers vary, so the printed colour may differ a little from what you see here. PERSONAL USE Print as many cards as you like to send yourself. Please don't share or resell the files or the printed cards.",https://kirwana.github.io/p/4583473652.html,https://i.etsystatic.com/45832662/r/il/5142a2/8633029343/il_fullxfull.8633029343_5bpv.jpg,"https://i.etsystatic.com/45832662/r/il/45ad3a/8633029373/il_fullxfull.8633029373_ooa6.jpg,https://i.etsystatic.com/45832662/r/il/bcf766/8585463568/il_fullxfull.8585463568_1iem.jpg,https://i.etsystatic.com/45832662/r/il/6dcde5/8633029467/il_fullxfull.8633029467_hyak.jpg,https://i.etsystatic.com/45832662/r/il/fdee75/8585187368/il_fullxfull.8585187368_nhub.jpg,https://i.etsystatic.com/45832662/r/il/3fcbc6/8585187416/il_fullxfull.8585187416_q52y.jpg",4.99 AUD,in stock,new,Mirrors Fine Art,Printable greeting card
4583462471,Red Rhododendron Printable Greeting Card,"An original photograph by Alan and Carolina, taken with a real camera, made into a folded greeting card you print yourself. A vivid red rhododendron bloom glows in warm sunlight against a soft, blurred green background. The photograph captures every delicate vein and curled petal edge, with dark slender stamens reaching outward, celebrating the beauty of spring gardens in full color. Inside, a light pencil sketch of the same flower waits alongside blank space for your own personal message, making this card suitable for any occasion you choose. Send it as a birthday greeting, a thank you note, a just because hello, or a thoughtful gift for the gardener or nature lover in your life. This card suits anyone who appreciates flowers, gardens and the natural world, from casual nature lovers to dedicated botanical enthusiasts. Its warm, cheerful tones make it a versatile choice for celebrating everyday moments and special milestones alike. WHAT YOU RECEIVE Instant digital download, five files. Nothing is posted to you. - Home print PDFs for A4 and US Letter, with cut and fold marks - A print-shop PDF at full size with 3 mm bleed - JPG images for online card printers: the front, inside and back as separate images, as most card-printing sites ask for, plus the flat sheets - A one-page printing guide THE CARD A 150 mm square (5.9 in) card, folded at the side, with a pencil sketch and room inside for your own message. At home it prints at 136 mm square (5.4 in) on A4 and 127 mm square (5 in) on US Letter, a little smaller than full size, because opened out it is wider than the paper; a print shop prints the full 150 mm square (5.9 in). PRINTING At home: 200 to 300 gsm card, printed at Actual size (100%), two-sided, flipping on the short edge; then cut on the marks, score and fold. At a print shop: upload the print-shop PDF and order a 150 mm square (5.9 in) folded card, scored, on 300 to 350 gsm card. With an online card printer: upload the front, inside and back images from the zip; its README says which is which. ABOUT THE PHOTOS The table scenes are mockups to show the card; the props are not included. COLOUR Screens and printers vary, so the printed colour may differ a little from what you see here. PERSONAL USE Print as many cards as you like to send yourself. Please don't share or resell the files or the printed cards.",https://kirwana.github.io/p/4583462471.html,https://i.etsystatic.com/45832662/r/il/95d25d/8585190462/il_fullxfull.8585190462_ce1o.jpg,"https://i.etsystatic.com/45832662/r/il/f6d2e1/8633032783/il_fullxfull.8633032783_g85w.jpg,https://i.etsystatic.com/45832662/r/il/7205b8/8585465614/il_fullxfull.8585465614_kwej.jpg,https://i.etsystatic.com/45832662/r/il/21c043/8585190612/il_fullxfull.8585190612_62qi.jpg,https://i.etsystatic.com/45832662/r/il/6b115b/8633032919/il_fullxfull.8633032919_qeew.jpg,https://i.etsystatic.com/45832662/r/il/f0c455/8585190678/il_fullxfull.8585190678_arsj.jpg",4.99 AUD,in stock,new,Mirrors Fine Art,Printable greeting card
4583472652,White Rose Blossoms Printable Greeting Card,"An original photograph by Alan and Carolina, taken with a real camera, made into a folded greeting card you print yourself. A cluster of delicate white double roses caught in warm sunlight, their creamy petals layered like tiny ruffles around soft golden centers, set against a deep shadowed green background that makes the blooms glow. This card suits any occasion where a touch of garden beauty feels right. Send it for a birthday, as a thank you, to celebrate spring, or simply to let someone know you are thinking of them. Nature lovers and flower enthusiasts will especially appreciate the detail captured in this original photograph. Inside you will find a light pencil sketch of the same roses, leaving plenty of room for your own handwritten message. Whether for a close friend, a family member, or someone who simply loves flowers, this card brings a quiet, elegant charm to any moment worth celebrating. WHAT YOU RECEIVE Instant digital download, five files. Nothing is posted to you. - Home print PDFs for A4 and US Letter, with cut and fold marks - A print-shop PDF at full size with 3 mm bleed - JPG images for online card printers: the front, inside and back as separate images, as most card-printing sites ask for, plus the flat sheets - A one-page printing guide THE CARD A 150 mm square (5.9 in) card, folded at the side, with a pencil sketch and room inside for your own message. At home it prints at 136 mm square (5.4 in) on A4 and 127 mm square (5 in) on US Letter, a little smaller than full size, because opened out it is wider than the paper; a print shop prints the full 150 mm square (5.9 in). PRINTING At home: 200 to 300 gsm card, printed at Actual size (100%), two-sided, flipping on the short edge; then cut on the marks, score and fold. At a print shop: upload the print-shop PDF and order a 150 mm square (5.9 in) folded card, scored, on 300 to 350 gsm card. With an online card printer: upload the front, inside and back images from the zip; its README says which is which. ABOUT THE PHOTOS The table scenes are mockups to show the card; the props are not included. COLOUR Screens and printers vary, so the printed colour may differ a little from what you see here. PERSONAL USE Print as many cards as you like to send yourself. Please don't share or resell the files or the printed cards.",https://kirwana.github.io/p/4583472652.html,https://i.etsystatic.com/45832662/r/il/7747db/8633031905/il_fullxfull.8633031905_1n10.jpg,"https://i.etsystatic.com/45832662/r/il/14f8bf/8633031951/il_fullxfull.8633031951_mm4c.jpg,https://i.etsystatic.com/45832662/r/il/4e3526/8633307127/il_fullxfull.8633307127_7sbu.jpg,https://i.etsystatic.com/45832662/r/il/c0bc5a/8633032059/il_fullxfull.8633032059_f8cj.jpg,https://i.etsystatic.com/45832662/r/il/63eb8c/8633032099/il_fullxfull.8633032099_7p78.jpg,https://i.etsystatic.com/45832662/r/il/2b189c/8633032149/il_fullxfull.8633032149_sq8l.jpg",4.99 AUD,in stock,new,Mirrors Fine Art,Printable greeting card
4583461611,Gladiolus Printable Greeting Card,"An original photograph by Alan and Carolina, taken with a real camera, made into a folded greeting card you print yourself. A single gladiolus stem glows in warm sunlight, its layered orange and yellow blooms rising against a deep, shadowy green background with slender grass blades framing the scene. The photograph captures the flower at golden hour, its petals almost translucent with light, creating a striking, painterly contrast between the vivid blossom and the darkened backdrop. Inside, a light pencil sketch of the same gladiolus awaits your own handwritten message, leaving plenty of space to make it personal. This card suits birthdays, thank you notes, get well wishes, or a simple just because greeting for anyone who loves flowers, gardens, or nature photography. It works equally well for gardeners, plant lovers, or anyone who appreciates a warm, sunlit floral image with a handmade touch. WHAT YOU RECEIVE Instant digital download, five files. Nothing is posted to you. - Home print PDFs for A4 and US Letter, with cut and fold marks - A print-shop PDF at full size with 3 mm bleed - JPG images for online card printers: the front, inside and back as separate images, as most card-printing sites ask for, plus the flat sheets - A one-page printing guide THE CARD A 150 mm square (5.9 in) card, folded at the side, with a pencil sketch and room inside for your own message. At home it prints at 136 mm square (5.4 in) on A4 and 127 mm square (5 in) on US Letter, a little smaller than full size, because opened out it is wider than the paper; a print shop prints the full 150 mm square (5.9 in). PRINTING At home: 200 to 300 gsm card, printed at Actual size (100%), two-sided, flipping on the short edge; then cut on the marks, score and fold. At a print shop: upload the print-shop PDF and order a 150 mm square (5.9 in) folded card, scored, on 300 to 350 gsm card. With an online card printer: upload the front, inside and back images from the zip; its README says which is which. ABOUT THE PHOTOS The table scenes are mockups to show the card; the props are not included. COLOUR Screens and printers vary, so the printed colour may differ a little from what you see here. PERSONAL USE Print as many cards as you like to send yourself. Please don't share or resell the files or the printed cards.",https://kirwana.github.io/p/4583461611.html,https://i.etsystatic.com/45832662/r/il/f6c490/8585194238/il_fullxfull.8585194238_gxj9.jpg,"https://i.etsystatic.com/45832662/r/il/bd8f65/8633036625/il_fullxfull.8633036625_lvlk.jpg,https://i.etsystatic.com/45832662/r/il/043912/8585468932/il_fullxfull.8585468932_iuda.jpg,https://i.etsystatic.com/45832662/r/il/d90767/8633036697/il_fullxfull.8633036697_hz75.jpg,https://i.etsystatic.com/45832662/r/il/32e42b/8633036727/il_fullxfull.8633036727_si1u.jpg,https://i.etsystatic.com/45832662/r/il/f08da6/8633036761/il_fullxfull.8633036761_tnfe.jpg",4.99 AUD,in stock,new,Mirrors Fine Art,Printable greeting card
4583460665,Marigold Flower Printable Greeting Card,"An original photograph by Alan and Carolina, taken with a real camera, made into a folded greeting card you print yourself. A vivid marigold flower photographed in bright sunlight, its golden orange petals glowing against a deep black background with a hint of green leaves peeking in at the edge. The rich texture of the layered petals and the flower's warm center make this a striking, cheerful image for any card lover or flower enthusiast. Inside is a light pencil sketch of the same marigold, leaving plenty of room for your own handwritten message. Because it is left blank, this card suits many occasions, including birthdays, thank you notes, get well wishes, or simply a just because greeting to brighten someone's day. Perfect for gardeners, nature lovers, or anyone who appreciates botanical photography, this card brings a bit of sunshine to any occasion, celebration, or everyday note of appreciation. WHAT YOU RECEIVE Instant digital download, five files. Nothing is posted to you. - Home print PDFs for A4 and US Letter, with cut and fold marks - A print-shop PDF at full size with 3 mm bleed - JPG images for online card printers: the front, inside and back as separate images, as most card-printing sites ask for, plus the flat sheets - A one-page printing guide THE CARD A 150 mm square (5.9 in) card, folded at the side, with a pencil sketch and room inside for your own message. At home it prints at 136 mm square (5.4 in) on A4 and 127 mm square (5 in) on US Letter, a little smaller than full size, because opened out it is wider than the paper; a print shop prints the full 150 mm square (5.9 in). PRINTING At home: 200 to 300 gsm card, printed at Actual size (100%), two-sided, flipping on the short edge; then cut on the marks, score and fold. At a print shop: upload the print-shop PDF and order a 150 mm square (5.9 in) folded card, scored, on 300 to 350 gsm card. With an online card printer: upload the front, inside and back images from the zip; its README says which is which. ABOUT THE PHOTOS The table scenes are mockups to show the card; the props are not included. COLOUR Screens and printers vary, so the printed colour may differ a little from what you see here. PERSONAL USE Print as many cards as you like to send yourself. Please don't share or resell the files or the printed cards.",https://kirwana.github.io/p/4583460665.html,https://i.etsystatic.com/45832662/r/il/d6fca2/8633028441/il_fullxfull.8633028441_29nc.jpg,"https://i.etsystatic.com/45832662/r/il/3b178d/8585186396/il_fullxfull.8585186396_9j0g.jpg,https://i.etsystatic.com/45832662/r/il/9ff6ae/8585462988/il_fullxfull.8585462988_ffmf.jpg,https://i.etsystatic.com/45832662/r/il/44fcf2/8585186462/il_fullxfull.8585186462_l8gp.jpg,https://i.etsystatic.com/45832662/r/il/2dda6f/8585186488/il_fullxfull.8585186488_cczg.jpg,https://i.etsystatic.com/45832662/r/il/d727ec/8633028641/il_fullxfull.8633028641_st9x.jpg",4.99 AUD,in stock,new,Mirrors Fine Art,Printable greeting card
4583460059,Wisteria Blossom Printable Greeting Card,"An original photograph by Alan and Carolina, taken with a real camera, made into a folded greeting card you print yourself. This card features an original photograph of cascading wisteria blossoms, their delicate white and lavender petals glowing in soft sunlight against a warm, blurred background. The image captures the gentle, romantic beauty of spring in full bloom, perfect for anyone who loves flowers, gardens or nature. Inside you will find a light pencil sketch of the wisteria blooms along with plenty of room to add your own personal message. Because the inside is left open, this card works beautifully for many occasions, including birthdays, thank you notes, thinking of you moments, or simply saying hello to someone special. Whether you are celebrating a milestone or just want to brighten someone's day, this wisteria card brings a touch of natural elegance to any greeting. It suits gardeners, flower lovers, and anyone who appreciates the quiet beauty of blossoms in spring light. [""photograph"",""digital download""] WHAT YOU RECEIVE Instant digital download, five files. Nothing is posted to you. - Home print PDFs for A4 and US Letter, with cut and fold marks - A print-shop PDF at full size with 3 mm bleed - JPG images for online card printers: the front, inside and back as separate images, as most card-printing sites ask for, plus the flat sheets - A one-page printing guide THE CARD A 150 mm square (5.9 in) card, folded at the side, with a pencil sketch and room inside for your own message. At home it prints at 136 mm square (5.4 in) on A4 and 127 mm square (5 in) on US Letter, a little smaller than full size, because opened out it is wider than the paper; a print shop prints the full 150 mm square (5.9 in). PRINTING At home: 200 to 300 gsm card, printed at Actual size (100%), two-sided, flipping on the short edge; then cut on the marks, score and fold. At a print shop: upload the print-shop PDF and order a 150 mm square (5.9 in) folded card, scored, on 300 to 350 gsm card. With an online card printer: upload the front, inside and back images from the zip; its README says which is which. ABOUT THE PHOTOS The table scenes are mockups to show the card; the props are not included. COLOUR Screens and printers vary, so the printed colour may differ a little from what you see here. PERSONAL USE Print as many cards as you like to send yourself. Please don't share or resell the files or the printed cards.",https://kirwana.github.io/p/4583460059.html,https://i.etsystatic.com/45832662/r/il/514b8e/8633031157/il_fullxfull.8633031157_8psc.jpg,"https://i.etsystatic.com/45832662/r/il/19d7ef/8585189062/il_fullxfull.8585189062_hfqz.jpg,https://i.etsystatic.com/45832662/r/il/fefd2a/8633306643/il_fullxfull.8633306643_nsks.jpg,https://i.etsystatic.com/45832662/r/il/1967c2/8585189130/il_fullxfull.8585189130_kgqc.jpg,https://i.etsystatic.com/45832662/r/il/0edbb6/8633031337/il_fullxfull.8633031337_70g7.jpg,https://i.etsystatic.com/45832662/r/il/8558bf/8633031373/il_fullxfull.8633031373_r5gp.jpg",4.99 AUD,in stock,new,Mirrors Fine Art,Printable greeting card
4583459439,Red Azalea Printable Greeting Card,"An original photograph by Alan and Carolina, taken with a real camera, made into a folded greeting card you print yourself. A vivid red azalea blossom fills this card with warmth, its ruffled petals glowing in bright sunlight and delicate stamens reaching outward. The close-up view captures the rich texture and color of the flower, with soft green foliage blurred gently behind it, giving the image a natural, sunlit garden feel. Inside, a light pencil sketch of the same flower awaits, leaving room for your own handwritten note. This card suits birthdays, thank you notes, get well wishes, or simply a just because moment shared with someone who loves flowers and the outdoors. Perfect for gardeners, nature lovers, or anyone who appreciates the beauty of blooming flowers, this card brings a bright and cheerful touch to any occasion, offering a thoughtful and personal way to brighten someone's day with vibrant color. WHAT YOU RECEIVE Instant digital download, five files. Nothing is posted to you. - Home print PDFs for A4 and US Letter, with cut and fold marks - A print-shop PDF at full size with 3 mm bleed - JPG images for online card printers: the front, inside and back as separate images, as most card-printing sites ask for, plus the flat sheets - A one-page printing guide THE CARD A 150 mm square (5.9 in) card, folded at the side, with a pencil sketch and room inside for your own message. At home it prints at 136 mm square (5.4 in) on A4 and 127 mm square (5 in) on US Letter, a little smaller than full size, because opened out it is wider than the paper; a print shop prints the full 150 mm square (5.9 in). PRINTING At home: 200 to 300 gsm card, printed at Actual size (100%), two-sided, flipping on the short edge; then cut on the marks, score and fold. At a print shop: upload the print-shop PDF and order a 150 mm square (5.9 in) folded card, scored, on 300 to 350 gsm card. With an online card printer: upload the front, inside and back images from the zip; its README says which is which. ABOUT THE PHOTOS The table scenes are mockups to show the card; the props are not included. COLOUR Screens and printers vary, so the printed colour may differ a little from what you see here. PERSONAL USE Print as many cards as you like to send yourself. Please don't share or resell the files or the printed cards.",https://kirwana.github.io/p/4583459439.html,https://i.etsystatic.com/45832662/r/il/671350/8585191240/il_fullxfull.8585191240_tfta.jpg,"https://i.etsystatic.com/45832662/r/il/a49400/8633033575/il_fullxfull.8633033575_qbpi.jpg,https://i.etsystatic.com/45832662/r/il/7c0622/8585466178/il_fullxfull.8585466178_57rn.jpg,https://i.etsystatic.com/45832662/r/il/78f64f/8633033649/il_fullxfull.8633033649_rbaw.jpg,https://i.etsystatic.com/45832662/r/il/3ee01c/8585191380/il_fullxfull.8585191380_oz1y.jpg,https://i.etsystatic.com/45832662/r/il/57c059/8633033731/il_fullxfull.8633033731_h0qi.jpg",4.99 AUD,in stock,new,Mirrors Fine Art,Printable greeting card
4583459061,Amaryllis Bloom Printable Greeting Card,"An original photograph by Alan and Carolina, taken with a real camera, made into a folded greeting card you print yourself. A vivid amaryllis flower fills this photographic card, its orange and cream petals streaked with deep red veins and lit by warm natural sunlight. Slender green leaves and unopened buds surround the bloom, capturing the lush energy of a garden in full flower. Inside, a light pencil sketch of the same amaryllis awaits your own handwritten note, leaving plenty of room for a personal message. This design is not tied to a single occasion, making it a versatile choice for birthdays, thank you notes, get well wishes, or just because. Perfect for gardeners, flower enthusiasts, and anyone who appreciates the beauty of botanical photography, this card brings a bright, cheerful touch to any greeting. Its bold colors and detailed petals make it a striking way to brighten someone's day. [""photograph"",""digital download""] WHAT YOU RECEIVE Instant digital download, five files. Nothing is posted to you. - Home print PDFs for A4 and US Letter, with cut and fold marks - A print-shop PDF at full size with 3 mm bleed - JPG images for online card printers: the front, inside and back as separate images, as most card-printing sites ask for, plus the flat sheets - A one-page printing guide THE CARD A 150 mm square (5.9 in) card, folded at the side, with a pencil sketch and room inside for your own message. At home it prints at 136 mm square (5.4 in) on A4 and 127 mm square (5 in) on US Letter, a little smaller than full size, because opened out it is wider than the paper; a print shop prints the full 150 mm square (5.9 in). PRINTING At home: 200 to 300 gsm card, printed at Actual size (100%), two-sided, flipping on the short edge; then cut on the marks, score and fold. At a print shop: upload the print-shop PDF and order a 150 mm square (5.9 in) folded card, scored, on 300 to 350 gsm card. With an online card printer: upload the front, inside and back images from the zip; its README says which is which. ABOUT THE PHOTOS The table scenes are mockups to show the card; the props are not included. COLOUR Screens and printers vary, so the printed colour may differ a little from what you see here. PERSONAL USE Print as many cards as you like to send yourself. Please don't share or resell the files or the printed cards.",https://kirwana.github.io/p/4583459061.html,https://i.etsystatic.com/45832662/r/il/fcf6bb/8633027679/il_fullxfull.8633027679_qgi4.jpg,"https://i.etsystatic.com/45832662/r/il/98fed6/8585185642/il_fullxfull.8585185642_bze0.jpg,https://i.etsystatic.com/45832662/r/il/b7ebf9/8633304615/il_fullxfull.8633304615_q3oi.jpg,https://i.etsystatic.com/45832662/r/il/d23a8c/8585185740/il_fullxfull.8585185740_nrun.jpg,https://i.etsystatic.com/45832662/r/il/9d97cc/8633027857/il_fullxfull.8633027857_51du.jpg,https://i.etsystatic.com/45832662/r/il/a9a002/8633027895/il_fullxfull.8633027895_5lgx.jpg",4.99 AUD,in stock,new,Mirrors Fine Art,Printable greeting card
4583423325,Amaryllis Blooms Printable Greeting Card,"An original photograph by Alan and Carolina, taken with a real camera, made into a folded greeting card you print yourself. This card features an original photograph of two striking amaryllis blooms, their white petals brushed with fine red veining and edged in soft crimson, set against a lush green garden backdrop. The delicate detail of the petals and golden stamens brings a fresh, botanical charm to any occasion. Inside is a light pencil sketch of the same flowers, leaving space for your own handwritten message. Because it is left open ended, this card suits birthdays, thank you notes, get well wishes, or simply a just because greeting to brighten someone's day. Perfect for gardeners, nature lovers, and anyone who appreciates fine floral photography, this card makes a thoughtful, personal gift for friends and family who love flowers and the beauty of the natural world. WHAT YOU RECEIVE Instant digital download, five files. Nothing is posted to you. - Home print PDFs for A4 and US Letter, with cut and fold marks - A print-shop PDF at full size with 3 mm bleed - JPG images for online card printers: the front, inside and back as separate images, as most card-printing sites ask for, plus the flat sheets - A one-page printing guide THE CARD A 150 mm square (5.9 in) card, folded at the side, with a pencil sketch and room inside for your own message. At home it prints at 136 mm square (5.4 in) on A4 and 127 mm square (5 in) on US Letter, a little smaller than full size, because opened out it is wider than the paper; a print shop prints the full 150 mm square (5.9 in). PRINTING At home: 200 to 300 gsm card, printed at Actual size (100%), two-sided, flipping on the short edge; then cut on the marks, score and fold. At a print shop: upload the print-shop PDF and order a 150 mm square (5.9 in) folded card, scored, on 300 to 350 gsm card. With an online card printer: upload the front, inside and back images from the zip; its README says which is which. ABOUT THE PHOTOS The table scenes are mockups to show the card; the props are not included. COLOUR Screens and printers vary, so the printed colour may differ a little from what you see here. PERSONAL USE Print as many cards as you like to send yourself. Please don't share or resell the files or the printed cards.",https://kirwana.github.io/p/4583423325.html,https://i.etsystatic.com/45832662/r/il/b08ce9/8633026799/il_fullxfull.8633026799_nurm.jpg,"https://i.etsystatic.com/45832662/r/il/f43fe8/8633026873/il_fullxfull.8633026873_nadu.jpg,https://i.etsystatic.com/45832662/r/il/f1f04d/8633304043/il_fullxfull.8633304043_gdhs.jpg,https://i.etsystatic.com/45832662/r/il/d89726/8585184800/il_fullxfull.8585184800_maqs.jpg,https://i.etsystatic.com/45832662/r/il/c4b630/8633027003/il_fullxfull.8633027003_y87c.jpg,https://i.etsystatic.com/45832662/r/il/df14f0/8585184906/il_fullxfull.8585184906_h53r.jpg",4.99 AUD,in stock,new,Mirrors Fine Art,Printable greeting card
4583433230,Pansy Flower Printable Greeting Card,"An original photograph by Alan and Carolina, taken with a real camera, made into a folded greeting card you print yourself. A close-up photograph of a delicate pansy blossom, its purple, white, and golden-orange petals softly lit against a lush green garden background. The delicate veining and velvety texture of the petals are beautifully captured, celebrating the simple beauty of nature. This card suits many occasions, from a cheerful birthday greeting to a heartfelt thank you or simply a just-because note to brighten someone's day. It is a lovely choice for gardeners, flower lovers, or anyone who appreciates the quiet charm of blooming things. Inside, a light pencil sketch of the pansy awaits your own personal message, making this card a thoughtful and creative way to reach out to friends and family for any occasion that calls for a touch of natural beauty. WHAT YOU RECEIVE Instant digital download, five files. Nothing is posted to you. - Home print PDFs for A4 and US Letter, with cut and fold marks - A print-shop PDF at full size with 3 mm bleed - JPG images for online card printers: the front, inside and back as separate images, as most card-printing sites ask for, plus the flat sheets - A one-page printing guide THE CARD A 150 mm square (5.9 in) card, folded at the side, with a pencil sketch and room inside for your own message. At home it prints at 136 mm square (5.4 in) on A4 and 127 mm square (5 in) on US Letter, a little smaller than full size, because opened out it is wider than the paper; a print shop prints the full 150 mm square (5.9 in). PRINTING At home: 200 to 300 gsm card, printed at Actual size (100%), two-sided, flipping on the short edge; then cut on the marks, score and fold. At a print shop: upload the print-shop PDF and order a 150 mm square (5.9 in) folded card, scored, on 300 to 350 gsm card. With an online card printer: upload the front, inside and back images from the zip; its README says which is which. ABOUT THE PHOTOS The table scenes are mockups to show the card; the props are not included. COLOUR Screens and printers vary, so the printed colour may differ a little from what you see here. PERSONAL USE Print as many cards as you like to send yourself. Please don't share or resell the files or the printed cards.",https://kirwana.github.io/p/4583433230.html,https://i.etsystatic.com/45832662/r/il/8cb820/8585188084/il_fullxfull.8585188084_by13.jpg,"https://i.etsystatic.com/45832662/r/il/1a4a6d/8633030277/il_fullxfull.8633030277_nz0c.jpg,https://i.etsystatic.com/45832662/r/il/17bd23/8585464034/il_fullxfull.8585464034_jpx3.jpg,https://i.etsystatic.com/45832662/r/il/843986/8585188202/il_fullxfull.8585188202_ttlr.jpg,https://i.etsystatic.com/45832662/r/il/8eef59/8585188226/il_fullxfull.8585188226_icv2.jpg,https://i.etsystatic.com/45832662/r/il/0f2e5b/8585188282/il_fullxfull.8585188282_sewr.jpg",4.99 AUD,in stock,new,Mirrors Fine Art,Printable greeting card
4583432590,Red Blossom Printable Greeting Card,"An original photograph by Alan and Carolina, taken with a real camera, made into a folded greeting card you print yourself. A vivid close-up photograph of bright red blossoms unfurling on a slender branch, their golden stamens glowing in warm sunlight against a soft green background. The delicate curl of the petals and the tiny red bud beneath them capture a fleeting, joyful moment in nature. This card suits nature lovers, gardeners and anyone who appreciates fine botanical photography. Its cheerful color and open, welcoming design make it a lovely choice for birthdays, thank you notes, get well wishes or simply saying hello. Because the inside is left blank apart from a gentle pencil sketch of the flower, you can add your own personal message for any occasion. Bring a bit of vibrant garden color to someone's day with this original floral photograph, perfect for spring celebrations or a simple thoughtful gesture any time of year. WHAT YOU RECEIVE Instant digital download, five files. Nothing is posted to you. - Home print PDFs for A4 and US Letter, with cut and fold marks - A print-shop PDF at full size with 3 mm bleed - JPG images for online card printers: the front, inside and back as separate images, as most card-printing sites ask for, plus the flat sheets - A one-page printing guide THE CARD A 150 mm square (5.9 in) card, folded at the side, with a pencil sketch and room inside for your own message. At home it prints at 136 mm square (5.4 in) on A4 and 127 mm square (5 in) on US Letter, a little smaller than full size, because opened out it is wider than the paper; a print shop prints the full 150 mm square (5.9 in). PRINTING At home: 200 to 300 gsm card, printed at Actual size (100%), two-sided, flipping on the short edge; then cut on the marks, score and fold. At a print shop: upload the print-shop PDF and order a 150 mm square (5.9 in) folded card, scored, on 300 to 350 gsm card. With an online card printer: upload the front, inside and back images from the zip; its README says which is which. ABOUT THE PHOTOS The table scenes are mockups to show the card; the props are not included. COLOUR Screens and printers vary, so the printed colour may differ a little from what you see here. PERSONAL USE Print as many cards as you like to send yourself. Please don't share or resell the files or the printed cards.",https://kirwana.github.io/p/4583432590.html,https://i.etsystatic.com/45832662/r/il/30de02/8585192100/il_fullxfull.8585192100_nekj.jpg,"https://i.etsystatic.com/45832662/r/il/de7442/8585192142/il_fullxfull.8585192142_rr8d.jpg,https://i.etsystatic.com/45832662/r/il/ac0f64/8633308731/il_fullxfull.8633308731_doy8.jpg,https://i.etsystatic.com/45832662/r/il/fb36d2/8633034555/il_fullxfull.8633034555_28mz.jpg,https://i.etsystatic.com/45832662/r/il/91b5fa/8633034595/il_fullxfull.8633034595_tl7w.jpg,https://i.etsystatic.com/45832662/r/il/b81e82/8585192286/il_fullxfull.8585192286_cu7t.jpg",4.99 AUD,in stock,new,Mirrors Fine Art,Printable greeting card
4583421345,Pink Geranium Printable Greeting Card,"An original photograph by Alan and Carolina, taken with a real camera, made into a folded greeting card you print yourself. A close up photograph of a vivid pink geranium cluster, its ruffled petals marked with deep magenta veining, glowing in warm sunlight against soft green foliage. The rich color and delicate detail of the blooms give this card a cheerful, natural feel that suits many occasions. Inside you will find a light pencil sketch of the same flower along with blank space for your own personal message, making this card perfect for birthdays, thank you notes, get well wishes, or simply saying hello to a fellow nature or flower lover. This printable card brings the beauty of a garden bloom to your correspondence without needing a special occasion. Its versatile design and soft floral palette make it a lovely choice for gardeners, plant enthusiasts, or anyone who appreciates original nature photography in a handmade style greeting. [""photograph"",""digital download""] WHAT YOU RECEIVE Instant digital download, five files. Nothing is posted to you. - Home print PDFs for A4 and US Letter, with cut and fold marks - A print-shop PDF at full size with 3 mm bleed - JPG images for online card printers: the front, inside and back as separate images, as most card-printing sites ask for, plus the flat sheets - A one-page printing guide THE CARD A 150 mm square (5.9 in) card, folded at the side, with a pencil sketch and room inside for your own message. At home it prints at 136 mm square (5.4 in) on A4 and 127 mm square (5 in) on US Letter, a little smaller than full size, because opened out it is wider than the paper; a print shop prints the full 150 mm square (5.9 in). PRINTING At home: 200 to 300 gsm card, printed at Actual size (100%), two-sided, flipping on the short edge; then cut on the marks, score and fold. At a print shop: upload the print-shop PDF and order a 150 mm square (5.9 in) folded card, scored, on 300 to 350 gsm card. With an online card printer: upload the front, inside and back images from the zip; its README says which is which. ABOUT THE PHOTOS The table scenes are mockups to show the card; the props are not included. COLOUR Screens and printers vary, so the printed colour may differ a little from what you see here. PERSONAL USE Print as many cards as you like to send yourself. Please don't share or resell the files or the printed cards.",https://kirwana.github.io/p/4583421345.html,https://i.etsystatic.com/45832662/r/il/d2ae65/8585193506/il_fullxfull.8585193506_d6kc.jpg,"https://i.etsystatic.com/45832662/r/il/4fbc0f/8633035961/il_fullxfull.8633035961_ihq7.jpg,https://i.etsystatic.com/45832662/r/il/9b7a29/8585468130/il_fullxfull.8585468130_mg9x.jpg,https://i.etsystatic.com/45832662/r/il/b41c7e/8633036035/il_fullxfull.8633036035_mm9n.jpg,https://i.etsystatic.com/45832662/r/il/54bbf9/8585193706/il_fullxfull.8585193706_p629.jpg,https://i.etsystatic.com/45832662/r/il/65a484/8633036115/il_fullxfull.8633036115_oxhn.jpg",4.99 AUD,in stock,new,Mirrors Fine Art,Printable greeting card
4583431056,Pansy Flower Printable Greeting Card,"An original photograph by Alan and Carolina, taken with a real camera, made into a folded greeting card you print yourself. A vivid close-up photograph of a red and yellow pansy in full bloom, its velvety petals streaked with deep burgundy veins, set against a soft green garden background. The warm sunlight highlights every delicate detail of this cheerful flower, making it a joyful piece of nature photography. This card suits any occasion where a burst of color and natural beauty feels right, from birthdays to thank you notes to a simple just because greeting. It is especially fitting for gardeners, flower lovers, and anyone who appreciates the quiet charm of a blooming pansy. Inside, a gentle pencil sketch of the same flower leaves space for your own personal message, making this card a versatile and heartfelt choice for friends and family who love flowers and the outdoors. WHAT YOU RECEIVE Instant digital download, five files. Nothing is posted to you. - Home print PDFs for A4 and US Letter, with cut and fold marks - A print-shop PDF at full size with 3 mm bleed - JPG images for online card printers: the front, inside and back as separate images, as most card-printing sites ask for, plus the flat sheets - A one-page printing guide THE CARD A 150 mm square (5.9 in) card, folded at the side, with a pencil sketch and room inside for your own message. At home it prints at 136 mm square (5.4 in) on A4 and 127 mm square (5 in) on US Letter, a little smaller than full size, because opened out it is wider than the paper; a print shop prints the full 150 mm square (5.9 in). PRINTING At home: 200 to 300 gsm card, printed at Actual size (100%), two-sided, flipping on the short edge; then cut on the marks, score and fold. At a print shop: upload the print-shop PDF and order a 150 mm square (5.9 in) folded card, scored, on 300 to 350 gsm card. With an online card printer: upload the front, inside and back images from the zip; its README says which is which. ABOUT THE PHOTOS The table scenes are mockups to show the card; the props are not included. COLOUR Screens and printers vary, so the printed colour may differ a little from what you see here. PERSONAL USE Print as many cards as you like to send yourself. Please don't share or resell the files or the printed cards.",https://kirwana.github.io/p/4583431056.html,https://i.etsystatic.com/45832662/r/il/900a09/8633035145/il_fullxfull.8633035145_eibq.jpg,"https://i.etsystatic.com/45832662/r/il/68fda5/8633035203/il_fullxfull.8633035203_fxhb.jpg,https://i.etsystatic.com/45832662/r/il/59275d/8585467380/il_fullxfull.8585467380_fmfm.jpg,https://i.etsystatic.com/45832662/r/il/bdd564/8585192952/il_fullxfull.8585192952_hrjd.jpg,https://i.etsystatic.com/45832662/r/il/3e3e43/8633035313/il_fullxfull.8633035313_77cq.jpg,https://i.etsystatic.com/45832662/r/il/bec9fd/8585193024/il_fullxfull.8585193024_jqsf.jpg",4.99 AUD,in stock,new,Mirrors Fine Art,Printable greeting card
4583419119,Yellow Marigold Printable Greeting Card,"An original photograph by Alan and Carolina, taken with a real camera, made into a folded greeting card you print yourself. This card features an original close-up photograph of a vivid yellow marigold in full bloom, its ruffled petals glowing in warm sunlight against a soft green garden backdrop. The rich detail and cheerful color make it a lovely way to bring a touch of nature to someone's day. Inside, a light pencil sketch of the same flower awaits, along with plenty of blank space for your own personal message. Because the inside is left open, this card suits almost any occasion: a birthday, a thank you note, get well wishes, or simply a just because hello to someone who loves flowers and gardens. Perfect for gardeners, nature lovers, and anyone who appreciates a bright, botanical greeting made from a genuine photograph rather than a generic illustration. [""photograph"", ""digital download""] WHAT YOU RECEIVE Instant digital download, five files. Nothing is posted to you. - Home print PDFs for A4 and US Letter, with cut and fold marks - A print-shop PDF at full size with 3 mm bleed - JPG images for online card printers: the front, inside and back as separate images, as most card-printing sites ask for, plus the flat sheets - A one-page printing guide THE CARD A 150 mm square (5.9 in) card, folded at the side, with a pencil sketch and room inside for your own message. At home it prints at 136 mm square (5.4 in) on A4 and 127 mm square (5 in) on US Letter, a little smaller than full size, because opened out it is wider than the paper; a print shop prints the full 150 mm square (5.9 in). PRINTING At home: 200 to 300 gsm card, printed at Actual size (100%), two-sided, flipping on the short edge; then cut on the marks, score and fold. At a print shop: upload the print-shop PDF and order a 150 mm square (5.9 in) folded card, scored, on 300 to 350 gsm card. With an online card printer: upload the front, inside and back images from the zip; its README says which is which. ABOUT THE PHOTOS The table scenes are mockups to show the card; the props are not included. COLOUR Screens and printers vary, so the printed colour may differ a little from what you see here. PERSONAL USE Print as many cards as you like to send yourself. Please don't share or resell the files or the printed cards.",https://kirwana.github.io/p/4583419119.html,https://i.etsystatic.com/45832662/r/il/a6e3f9/8633024141/il_fullxfull.8633024141_3m9b.jpg,"https://i.etsystatic.com/45832662/r/il/1a02bd/8585182110/il_fullxfull.8585182110_bphe.jpg,https://i.etsystatic.com/45832662/r/il/10637a/8585460344/il_fullxfull.8585460344_6zhc.jpg,https://i.etsystatic.com/45832662/r/il/18f43c/8585182192/il_fullxfull.8585182192_klo2.jpg,https://i.etsystatic.com/45832662/r/il/f5e843/8585182238/il_fullxfull.8585182238_4pp1.jpg,https://i.etsystatic.com/45832662/r/il/970223/8633024393/il_fullxfull.8633024393_88wr.jpg",4.99 AUD,in stock,new,Mirrors Fine Art,Printable greeting card
4581626552,Alpine Peaks Set of 3,"Original photographs by Alan and Carolina, taken with real cameras. Every size listed prints sharp, and the larger formats are best viewed from around two feet, the distance a framed print is normally seen from. A trio of black and white mountain photographs, sold together as a matched set of three prints designed to hang side by side. Each captures dramatic alpine terrain with jagged rock faces, textured scree slopes and winding trails, unified by the same dramatic light and monochrome palette. The set shares a common shape and scale, so the prints line up cleanly on a wall whether arranged in a row or a gallery cluster. Together they bring a sense of scale and quiet drama to a room, with deep shadows carving into rocky ridgelines and pale clouds drifting against dark stone. The high contrast tones make these prints striking on their own and easy to place alongside existing decor, from minimalist interiors to rustic cabin spaces. This set suits living rooms, home offices, reading nooks or entryways where a cohesive run of art makes a strong visual statement. They also make a thoughtful gift for hikers, climbers and lovers of wild landscapes who appreciate the raw texture of high mountain terrain. Bring the mood of remote peaks and open trails into your everyday space with this matched trio. WHAT YOU RECEIVE Instant digital download. High resolution JPG files at 300 DPI covering a wide range of print sizes, in both inches and centimetres. Nothing is posted to you. ABOUT THE PHOTOS The room photographs are mockups. Frames, mats, furniture and accessories are not included and are shown only to suggest how the print might look. The print is sized to approximate scale in each room, but it is an illustration, not a measurement. Please measure your own wall and choose the size that suits it. COLOUR Screens and printers vary, so the printed colour may differ a little from what you see here.",https://kirwana.github.io/p/4581626552.html,https://i.etsystatic.com/45832662/r/il/569c44/8618620027/il_fullxfull.8618620027_jv1a.jpg,"https://i.etsystatic.com/45832662/r/il/e08983/8570776900/il_fullxfull.8570776900_8b5u.jpg,https://i.etsystatic.com/45832662/r/il/28ec67/8618620255/il_fullxfull.8618620255_ondf.jpg,https://i.etsystatic.com/45832662/r/il/f09bc5/8618620323/il_fullxfull.8618620323_p2g8.jpg,https://i.etsystatic.com/45832662/r/il/ab0bf3/8618620411/il_fullxfull.8618620411_t5rl.jpg,https://i.etsystatic.com/45832662/r/il/17e897/8570777222/il_fullxfull.8570777222_emso.jpg",16.99 AUD,in stock,new,Mirrors Fine Art,Printable wall art set
4581604189,Petals in Light Set of 4,"Original photographs by Alan and Carolina, taken with real cameras. Every size listed prints sharp, and the larger formats are best viewed from around two feet, the distance a framed print is normally seen from. A series of four macro flower photographs sold together as a matched set. Each captures delicate petals bathed in soft sunlight, from cool lavender and blush tones to warm golden centers, framed in the same close crop and square scale so they line up beautifully on a wall together. Together these prints celebrate the quiet detail of blooms in bright, natural light. The palette moves gently between soft purples, creamy whites and touches of yellow, while the blurred green backgrounds keep the mood calm and airy. They read as a coherent body of work rather than four unrelated pictures, making them easy to hang as a grid or a row. This set suits a bedroom, reading nook or living room where you want a touch of botanical charm without heavy color. They also make a thoughtful gift for gardeners, nature lovers or anyone who appreciates flowers and soft, sunlit photography. Hang them together for a gallery wall moment, or space them out for a subtler botanical thread through your home. [""digital photograph"",""digital download""] WHAT YOU RECEIVE Instant digital download. High resolution JPG files at 300 DPI covering a wide range of print sizes, in both inches and centimetres. Nothing is posted to you. ABOUT THE PHOTOS The room photographs are mockups. Frames, mats, furniture and accessories are not included and are shown only to suggest how the print might look. The print is sized to approximate scale in each room, but it is an illustration, not a measurement. Please measure your own wall and choose the size that suits it. COLOUR Screens and printers vary, so the printed colour may differ a little from what you see here.",https://kirwana.github.io/p/4581604189.html,https://i.etsystatic.com/45832662/r/il/55a775/8570706810/il_fullxfull.8570706810_1hx9.jpg,"https://i.etsystatic.com/45832662/r/il/010664/8570706900/il_fullxfull.8570706900_429z.jpg,https://i.etsystatic.com/45832662/r/il/c6f549/8570706978/il_fullxfull.8570706978_6sek.jpg,https://i.etsystatic.com/45832662/r/il/6c73f8/8570707038/il_fullxfull.8570707038_lvpy.jpg,https://i.etsystatic.com/45832662/r/il/350a5f/8618550207/il_fullxfull.8618550207_7vyn.jpg,https://i.etsystatic.com/45832662/r/il/0115ef/8618550313/il_fullxfull.8618550313_pt78.jpg",12.99 AUD,in stock,new,Mirrors Fine Art,Printable wall art set
4581604982,Andes Lagoon Set of 2,"Original photographs by Alan and Carolina, taken with real cameras. Every size listed prints sharp, and the larger formats are best viewed from around two feet, the distance a framed print is normally seen from. A matched set of 2 black and white photographs capturing the high altiplano of the Andes, where volcanic peaks meet still lagoons and wading flamingos move through shallow water. Designed to hang together, these prints share the same tonal palette, quiet stillness, and dramatic scale of mountain against sky, so they line up naturally on a wall as one cohesive body of work. Across the set, the light is soft and clear, the compositions spacious and serene, letting rugged peaks and calm water take center stage. The flamingos add a quiet sense of life and movement without breaking the stillness of the scenery. Together the two prints read as a single visual story of remote wilderness, ideal for anyone drawn to minimalist landscape photography. This set suits a living room, bedroom, office, or entryway gallery wall, especially in modern, Scandinavian, or nature inspired interiors. The monochrome tones make them easy to pair with existing decor while still making a striking visual statement. Whether displayed side by side or as part of a larger arrangement, these two prints bring a calm, sophisticated presence to any space, perfect for those who love mountains, wildlife, and serene natural scenery. WHAT YOU RECEIVE Instant digital download. High resolution JPG files at 300 DPI covering a wide range of print sizes, in both inches and centimetres. Nothing is posted to you. ABOUT THE PHOTOS The room photographs are mockups. Frames, mats, furniture and accessories are not included and are shown only to suggest how the print might look. The print is sized to approximate scale in each room, but it is an illustration, not a measurement. Please measure your own wall and choose the size that suits it. COLOUR Screens and printers vary, so the printed colour may differ a little from what you see here.",https://kirwana.github.io/p/4581604982.html,https://i.etsystatic.com/45832662/r/il/5e5d98/8570607304/il_fullxfull.8570607304_emqw.jpg,"https://i.etsystatic.com/45832662/r/il/921d6f/8618450809/il_fullxfull.8618450809_cnsj.jpg,https://i.etsystatic.com/45832662/r/il/314be2/8570607516/il_fullxfull.8570607516_9if4.jpg,https://i.etsystatic.com/45832662/r/il/f3d60e/8618450967/il_fullxfull.8618450967_ol8i.jpg,https://i.etsystatic.com/45832662/r/il/79e5c2/8618451053/il_fullxfull.8618451053_s660.jpg,https://i.etsystatic.com/45832662/r/il/aaab16/8570607768/il_fullxfull.8570607768_qt45.jpg",16.99 AUD,in stock,new,Mirrors Fine Art,Printable wall art set
4581558251,Desert Peaks Black & White Print Set – Volcanic Landscape Photography (Digital Download),"Original photographs by Alan and Carolina, taken with real cameras. Every size listed prints sharp, and the larger formats are best viewed from around two feet, the distance a framed print is normally seen from. A matched set of two black and white desert landscape prints, designed to hang together as one coherent gallery moment. Both share the same shape and scale, so they line up cleanly on a wall whether displayed side by side or stacked. These prints capture the stark beauty of high desert terrain, with sweeping volcanic peaks rising above wide scrubby plains. The monochrome palette brings out dramatic contrast between deep shadowed slopes and sunlit ridgelines, while scattered desert brush and rugged foreground textures ground the compositions in a quiet, remote stillness. Together they read as a study of light, altitude and open space. The moody tonal range and timeless subject make this set a natural fit for modern, minimalist or southwestern interiors. They work beautifully in a living room, office, entryway or bedroom, adding a sense of scale and calm without relying on color to do the work. A thoughtful gift for lovers of landscape photography, travel, or desert scenery, this set brings a cohesive, gallery-ready look to any wall with minimal effort. WHAT YOU RECEIVE Instant digital download. High resolution JPG files at 300 DPI covering a wide range of print sizes, in both inches and centimetres. Nothing is posted to you. ABOUT THE PHOTOS The room photographs are mockups. Frames, mats, furniture and accessories are not included and are shown only to suggest how the print might look. The print is sized to approximate scale in each room, but it is an illustration, not a measurement. Please measure your own wall and choose the size that suits it. COLOUR Screens and printers vary, so the printed colour may differ a little from what you see here.",https://kirwana.github.io/p/4581558251.html,https://i.etsystatic.com/45832662/r/il/cf4e53/8618169289/il_fullxfull.8618169289_1v5u.jpg,"https://i.etsystatic.com/45832662/r/il/82d08e/8570325580/il_fullxfull.8570325580_6rg2.jpg,https://i.etsystatic.com/45832662/r/il/5d7815/8618169379/il_fullxfull.8618169379_ejkj.jpg,https://i.etsystatic.com/45832662/r/il/79972f/8570325696/il_fullxfull.8570325696_c28p.jpg,https://i.etsystatic.com/45832662/r/il/92de6e/8570325756/il_fullxfull.8570325756_broc.jpg,https://i.etsystatic.com/45832662/r/il/2b786b/8570325814/il_fullxfull.8570325814_d4l9.jpg",16.99 AUD,in stock,new,Mirrors Fine Art,Printable wall art set
4580266647,"Coastal Sunrise Seascape Print, Golden Hour Beach House Decor (Digital Download)","An original photograph by Alan and Carolina, taken with a real camera. Every size listed prints sharp, and the larger formats are best viewed from around two feet, the distance a framed print is normally seen from. A breathtaking coastal sunrise unfolds over a rocky shoreline, where golden light breaks through dramatic clouds and spills across gentle waves. Weathered rocks dotted with barnacles line the wet sand, catching soft reflections of amber and rose hues as the tide sweeps around them in silky trails. This tranquil seascape captures the quiet magic of early morning by the sea, with sunbeams piercing the horizon and painting the sky in warm gold, soft lavender, and deep blue. The long exposure creates a dreamy, flowing motion in the water, adding a sense of peaceful movement to the scene. Perfect for a living room, bedroom, office, or coastal themed space, this print brings a calming, meditative energy to any wall. Its warm palette pairs beautifully with neutral, earthy, or blue interiors, making it a versatile addition to modern, minimalist, or beach house decor styles. A wonderful gift for nature lovers, photographers, or anyone who finds peace by the ocean. WHAT YOU RECEIVE Instant digital download. High resolution JPG files at 300 DPI covering a wide range of print sizes, in both inches and centimetres. Nothing is posted to you. ABOUT THE PHOTOS The room photographs are mockups. Frames, mats, furniture and accessories are not included and are shown only to suggest how the print might look. The print is sized to approximate scale in each room, but it is an illustration, not a measurement. Please measure your own wall and choose the size that suits it. COLOUR Screens and printers vary, so the printed colour may differ a little from what you see here.",https://kirwana.github.io/p/4580266647.html,https://i.etsystatic.com/45832662/r/il/210c10/8560740066/il_fullxfull.8560740066_7sl7.jpg,"https://i.etsystatic.com/45832662/r/il/5576aa/8608599707/il_fullxfull.8608599707_j6b0.jpg,https://i.etsystatic.com/45832662/r/il/e7a297/8608599791/il_fullxfull.8608599791_62mg.jpg,https://i.etsystatic.com/45832662/r/il/b55ccd/8560740336/il_fullxfull.8560740336_c00d.jpg,https://i.etsystatic.com/45832662/r/il/933d72/8560740512/il_fullxfull.8560740512_sqya.jpg,https://i.etsystatic.com/45832662/r/il/cab112/8608600187/il_fullxfull.8608600187_hdj6.jpg",9.99 AUD,in stock,new,Mirrors Fine Art,Printable wall art
4580278958,"Waterfall Rainforest Print, Blue Mountains Nature Photography (Digital Download)","An original photograph by Alan and Carolina, taken with a real camera. Every size listed prints sharp, and the larger formats are best viewed from around two feet, the distance a framed print is normally seen from. A tiered waterfall tumbles gently over dark moss covered rock deep within a lush rainforest gully. Delicate threads of silky white water cascade down layered stone into a golden pool below, framed by ferns and hanging greenery that catch soft filtered light from the forest canopy above. This tranquil nature photograph brings a calming, spa like presence to any room. The rich greens and warm earthy tones pair beautifully with natural wood, stone, and botanical decor, making it a striking addition to a living room, bedroom, bathroom, reading nook, or office space where a moment of quiet escape is welcome. Perfect for anyone who loves hiking, waterfalls, and the beauty of untouched forest scenery. This print makes a thoughtful gift for nature lovers, outdoor enthusiasts, or anyone looking to bring a peaceful woodland retreat into their home. Printable wall art that instantly refreshes your space with the serenity of the rainforest. WHAT YOU RECEIVE Instant digital download. High resolution JPG files at 300 DPI covering a wide range of print sizes, in both inches and centimetres. Nothing is posted to you. ABOUT THE PHOTOS The room photographs are mockups. Frames, mats, furniture and accessories are not included and are shown only to suggest how the print might look. The print is sized to approximate scale in each room, but it is an illustration, not a measurement. Please measure your own wall and choose the size that suits it. COLOUR Screens and printers vary, so the printed colour may differ a little from what you see here.",https://kirwana.github.io/p/4580278958.html,https://i.etsystatic.com/45832662/r/il/b5fc4a/8560722822/il_fullxfull.8560722822_7aew.jpg,"https://i.etsystatic.com/45832662/r/il/4ccd0f/8560722914/il_fullxfull.8560722914_picy.jpg,https://i.etsystatic.com/45832662/r/il/e293dc/8560723054/il_fullxfull.8560723054_gi6r.jpg,https://i.etsystatic.com/45832662/r/il/02931a/8608582269/il_fullxfull.8608582269_bwhn.jpg,https://i.etsystatic.com/45832662/r/il/aea4af/8560723284/il_fullxfull.8560723284_1ca6.jpg,https://i.etsystatic.com/45832662/r/il/95f449/8608582483/il_fullxfull.8608582483_ocvv.jpg",9.99 AUD,in stock,new,Mirrors Fine Art,Printable wall art
4580274420,"Long Exposure Ocean Print, Sunrise Seascape, Coastal Wall Art (Digital Download)","An original photograph by Alan and Carolina, taken with a real camera. Every size listed prints sharp, and the larger formats are best viewed from around two feet, the distance a framed print is normally seen from. A lone weathered rock stands firm against swirling ocean tides as the sky blushes with soft purple and gold at first light. Long exposure water flows around the stone in silky ribbons, while distant cliffs fade into misty haze along the shoreline. This coastal photograph captures a peaceful, meditative moment on the beach, perfect for anyone who loves the sea and its quiet power. The warm sand tones and dreamy pastel sky bring a calming, airy feel to any space. Ideal for a living room, bedroom, office, or reading nook, this print pairs beautifully with coastal, bohemian, or minimalist interiors. It also makes a thoughtful gift for beach lovers, nature enthusiasts, or anyone craving a serene escape in their home decor. Add a touch of tranquil seaside beauty to your walls with this striking sunrise seascape, a timeless piece that brings calm and natural wonder into everyday living. WHAT YOU RECEIVE Instant digital download. High resolution JPG files at 300 DPI covering a wide range of print sizes, in both inches and centimetres. Nothing is posted to you. ABOUT THE PHOTOS The room photographs are mockups. Frames, mats, furniture and accessories are not included and are shown only to suggest how the print might look. The print is sized to approximate scale in each room, but it is an illustration, not a measurement. Please measure your own wall and choose the size that suits it. COLOUR Screens and printers vary, so the printed colour may differ a little from what you see here.",https://kirwana.github.io/p/4580274420.html,https://i.etsystatic.com/45832662/r/il/bd1217/8560686244/il_fullxfull.8560686244_b8dt.jpg,"https://i.etsystatic.com/45832662/r/il/69c651/8560686314/il_fullxfull.8560686314_rhpk.jpg,https://i.etsystatic.com/45832662/r/il/0cf583/8608545565/il_fullxfull.8608545565_s24l.jpg,https://i.etsystatic.com/45832662/r/il/83a866/8560686534/il_fullxfull.8560686534_e9na.jpg,https://i.etsystatic.com/45832662/r/il/4993b7/8608545749/il_fullxfull.8608545749_20o7.jpg,https://i.etsystatic.com/45832662/r/il/57f209/8560686766/il_fullxfull.8560686766_400p.jpg",9.99 AUD,in stock,new,Mirrors Fine Art,Printable wall art
4580194315,"Long Exposure Waterfall Print, Rainforest Greenery, Blue Mountains Australia (Digital Download)","An original photograph by Alan and Carolina, taken with a real camera. Every size listed prints sharp, and the larger formats are best viewed from around two feet, the distance a framed print is normally seen from. A cascading waterfall tumbles over moss covered rock, framed by lush ferns and dense rainforest greenery. Long exposure photography renders the falling water as soft silky ribbons, creating a peaceful, dreamlike contrast against the textured stone and rich emerald foliage. The scene captures the quiet power and serenity found deep within a forest sanctuary. This nature photograph brings a calming, organic energy to any space. The vivid greens and flowing white water pair beautifully with natural wood tones, neutral decor, or botanical themed rooms. It suits living rooms, bedrooms, home offices, meditation spaces, spa areas, and reading nooks, adding a sense of tranquility and connection to the outdoors. A wonderful choice for nature lovers, hikers, or anyone who finds peace in the sound of running water. This print also makes a thoughtful gift for housewarmings, birthdays, or anyone drawn to lush green landscapes and the quiet beauty of hidden waterfalls. Print this artwork at home or through a local print shop to create a stunning focal point for your walls. WHAT YOU RECEIVE Instant digital download. High resolution JPG files at 300 DPI covering a wide range of print sizes, in both inches and centimetres. Nothing is posted to you. ABOUT THE PHOTOS The room photographs are mockups. Frames, mats, furniture and accessories are not included and are shown only to suggest how the print might look. The print is sized to approximate scale in each room, but it is an illustration, not a measurement. Please measure your own wall and choose the size that suits it. COLOUR Screens and printers vary, so the printed colour may differ a little from what you see here.",https://kirwana.github.io/p/4580194315.html,https://i.etsystatic.com/45832662/r/il/9011de/8560145800/il_fullxfull.8560145800_p0i2.jpg,"https://i.etsystatic.com/45832662/r/il/1abb6b/8560145930/il_fullxfull.8560145930_8mr6.jpg,https://i.etsystatic.com/45832662/r/il/eeaba4/8608005913/il_fullxfull.8608005913_nk4j.jpg,https://i.etsystatic.com/45832662/r/il/31e95e/8608006001/il_fullxfull.8608006001_iv2d.jpg,https://i.etsystatic.com/45832662/r/il/362d94/8560146126/il_fullxfull.8560146126_ejsi.jpg,https://i.etsystatic.com/45832662/r/il/6fed62/8560146240/il_fullxfull.8560146240_ce0o.jpg",9.99 AUD,in stock,new,Mirrors Fine Art,Printable wall art
4580189905,"Moeraki Boulders Print, New Zealand Coastal Wall Art, Foggy Beach Photography (Digital Download)","An original photograph by Alan and Carolina, taken with a real camera. Every size listed prints sharp, and the larger formats are best viewed from around two feet, the distance a framed print is normally seen from. A misty morning at the Moeraki Boulders, where giant spherical stones rest scattered along a quiet New Zealand shoreline. Soft fog blends the sea and sky into a pale glow, while the wet sand mirrors the muted light. The scattered boulders create a striking, almost surreal composition against the gentle curve of the coast. This calm, earthy image brings a sense of stillness and wonder into any space. The soft neutral palette of sand, stone, and mist makes it a versatile addition to living rooms, bedrooms, offices, or reading nooks. It pairs beautifully with minimalist, coastal, or Scandinavian interiors, adding a natural, grounding touch without overwhelming the room. Whether you are drawn to travel photography, geology, or simply love the meditative beauty of foggy beaches, this print captures a moment of quiet awe. It makes a thoughtful gift for nature lovers, travelers, or anyone who appreciates serene landscapes. Bring a piece of this ancient, otherworldly beach into your home with this timeless coastal photograph. WHAT YOU RECEIVE Instant digital download. High resolution JPG files at 300 DPI covering a wide range of print sizes, in both inches and centimetres. Nothing is posted to you. ABOUT THE PHOTOS The room photographs are mockups. Frames, mats, furniture and accessories are not included and are shown only to suggest how the print might look. The print is sized to approximate scale in each room, but it is an illustration, not a measurement. Please measure your own wall and choose the size that suits it. COLOUR Screens and printers vary, so the printed colour may differ a little from what you see here.",https://kirwana.github.io/p/4580189905.html,https://i.etsystatic.com/45832662/r/il/c85731/8607972787/il_fullxfull.8607972787_s13m.jpg,"https://i.etsystatic.com/45832662/r/il/ea706f/8607972893/il_fullxfull.8607972893_a0gc.jpg,https://i.etsystatic.com/45832662/r/il/978055/8560113014/il_fullxfull.8560113014_ebvy.jpg,https://i.etsystatic.com/45832662/r/il/7f171c/8607973045/il_fullxfull.8607973045_d9xw.jpg,https://i.etsystatic.com/45832662/r/il/4d1c72/8607973123/il_fullxfull.8607973123_ah2v.jpg,https://i.etsystatic.com/45832662/r/il/eca47c/8607973217/il_fullxfull.8607973217_rip8.jpg",9.99 AUD,in stock,new,Mirrors Fine Art,Printable wall art
4580187565,"Moeraki Boulders New Zealand Coastal Print, Misty Otago Beach Photography (Digital Download)","An original photograph by Alan and Carolina, taken with a real camera. Every size listed prints sharp, and the larger formats are best viewed from around two feet, the distance a framed print is normally seen from. A misty morning at the Moeraki Boulders along New Zealand's Otago coast, where enormous spherical stones rest scattered across the wet sand. Soft fog blends the sea and sky into a pale gray backdrop, while the rugged cliffside and green foliage frame the scene on the left. The muted tones and quiet stillness capture the mysterious beauty of this famous natural landmark. This calming coastal photograph brings a sense of peaceful wonder to any room. The neutral, earthy palette of grays, browns, and soft greens makes it a versatile addition to a living room, bedroom, office, or reading nook, pairing easily with minimalist, coastal, or natural decor styles. Perfect for travelers, nature lovers, or anyone drawn to unique geological wonders, this print makes a thoughtful gift for beach lovers or New Zealand enthusiasts. Its serene, atmospheric quality invites viewers to pause and take in the quiet drama of the shoreline, transforming any wall into a window onto this extraordinary place. WHAT YOU RECEIVE Instant digital download. High resolution JPG files at 300 DPI covering a wide range of print sizes, in both inches and centimetres. Nothing is posted to you. ABOUT THE PHOTOS The room photographs are mockups. Frames, mats, furniture and accessories are not included and are shown only to suggest how the print might look. The print is sized to approximate scale in each room, but it is an illustration, not a measurement. Please measure your own wall and choose the size that suits it. COLOUR Screens and printers vary, so the printed colour may differ a little from what you see here.",https://kirwana.github.io/p/4580187565.html,https://i.etsystatic.com/45832662/r/il/974457/8607954243/il_fullxfull.8607954243_itsq.jpg,"https://i.etsystatic.com/45832662/r/il/a5d643/8560094122/il_fullxfull.8560094122_1zqu.jpg,https://i.etsystatic.com/45832662/r/il/4f04ef/8607954395/il_fullxfull.8607954395_rd2v.jpg,https://i.etsystatic.com/45832662/r/il/84d6d8/8560094258/il_fullxfull.8560094258_eu9x.jpg,https://i.etsystatic.com/45832662/r/il/538e9c/8607954579/il_fullxfull.8607954579_3l17.jpg,https://i.etsystatic.com/45832662/r/il/33a6bb/8607954651/il_fullxfull.8607954651_1r9i.jpg",9.99 AUD,in stock,new,Mirrors Fine Art,Printable wall art
4580196892,"Lake Tekapo Church Print, New Zealand Milky Way Astrophotography (Digital Download)","An original photograph by Alan and Carolina, taken with a real camera. Every size listed prints sharp, and the larger formats are best viewed from around two feet, the distance a framed print is normally seen from. A lone stone church rests beneath a brilliant sweep of the Milky Way, its dark roofline and simple cross grounded against a vast field of stars. Wisps of galactic dust curve overhead while a soft golden glow lines the horizon, hinting at distant hills and quiet tussock grass. Captured on a clear night far from city lights, this image blends earthly stillness with the grandeur of the cosmos. This printable piece brings a sense of calm wonder to any room. It suits a bedroom for peaceful evenings, a reading nook for quiet reflection, or an office where a bit of night sky can spark inspiration. The rich contrast of deep blues and warm starlight works beautifully in modern, rustic, or minimalist interiors alike. A meaningful gift for stargazers, travelers, photography enthusiasts, or anyone who finds peace in wide open skies. Print it large as a dramatic statement piece or smaller for a gallery wall alongside other nature and night sky prints. WHAT YOU RECEIVE Instant digital download. High resolution JPG files at 300 DPI covering a wide range of print sizes, in both inches and centimetres. Nothing is posted to you. ABOUT THE PHOTOS The room photographs are mockups. Frames, mats, furniture and accessories are not included and are shown only to suggest how the print might look. The print is sized to approximate scale in each room, but it is an illustration, not a measurement. Please measure your own wall and choose the size that suits it. COLOUR Screens and printers vary, so the printed colour may differ a little from what you see here.",https://kirwana.github.io/p/4580196892.html,https://i.etsystatic.com/45832662/r/il/fe7fc3/8607915849/il_fullxfull.8607915849_dutz.jpg,"https://i.etsystatic.com/45832662/r/il/2b8f5b/8607915937/il_fullxfull.8607915937_oodz.jpg,https://i.etsystatic.com/45832662/r/il/8151a3/8560056144/il_fullxfull.8560056144_t3kp.jpg,https://i.etsystatic.com/45832662/r/il/3d655b/8560056230/il_fullxfull.8560056230_ltkk.jpg,https://i.etsystatic.com/45832662/r/il/0e74a8/8560056312/il_fullxfull.8560056312_lveq.jpg,https://i.etsystatic.com/45832662/r/il/e38a67/8607916227/il_fullxfull.8607916227_byd7.jpg",9.99 AUD,in stock,new,Mirrors Fine Art,Printable wall art
4580194494,"Cradle Mountain Tasmania Print, Dove Lake Reflection, Moody Landscape (Digital Download)","An original photograph by Alan and Carolina, taken with a real camera. Every size listed prints sharp, and the larger formats are best viewed from around two feet, the distance a framed print is normally seen from. A tranquil lake at the foot of Cradle Mountain in Tasmania, photographed under heavy grey clouds. Moss covered boulders rise from the still, glassy water in the foreground, their golden green lichen contrasting against the cool tones of the mountains and sky. The jagged peaks reflect softly in the calm surface, creating a sense of quiet drama and depth. This image brings a moody, atmospheric feel to any space, perfect for those drawn to wild landscapes and natural textures. The muted palette of greys and greens works beautifully in a living room, office, or bedroom, adding a calm yet striking focal point to your walls. Ideal for lovers of hiking, travel, and the outdoors, this print makes a thoughtful gift for anyone who appreciates rugged natural beauty. The high resolution file allows you to print this scene at various sizes to suit your space, bringing a piece of Tasmania's wilderness into your home. WHAT YOU RECEIVE Instant digital download. High resolution JPG files at 300 DPI covering a wide range of print sizes, in both inches and centimetres. Nothing is posted to you. ABOUT THE PHOTOS The room photographs are mockups. Frames, mats, furniture and accessories are not included and are shown only to suggest how the print might look. The print is sized to approximate scale in each room, but it is an illustration, not a measurement. Please measure your own wall and choose the size that suits it. COLOUR Screens and printers vary, so the printed colour may differ a little from what you see here.",https://kirwana.github.io/p/4580194494.html,https://i.etsystatic.com/45832662/r/il/29b0de/8560037306/il_fullxfull.8560037306_aere.jpg,"https://i.etsystatic.com/45832662/r/il/99f9b0/8560037376/il_fullxfull.8560037376_opv9.jpg,https://i.etsystatic.com/45832662/r/il/c69751/8607897233/il_fullxfull.8607897233_8e66.jpg,https://i.etsystatic.com/45832662/r/il/a14848/8560037544/il_fullxfull.8560037544_qala.jpg,https://i.etsystatic.com/45832662/r/il/d205c5/8560037636/il_fullxfull.8560037636_flhv.jpg,https://i.etsystatic.com/45832662/r/il/0b188b/8560037702/il_fullxfull.8560037702_sh5a.jpg",9.99 AUD,in stock,new,Mirrors Fine Art,Printable wall art
4580136224,"Bogota Colombia Print, City Rooftops Wall Art, South America Travel Photography, Printable Digital Download","An original photograph by Alan and Carolina, taken with a real camera. Every size listed prints sharp, and the larger formats are best viewed from around two feet, the distance a framed print is normally seen from. This piece captures the historic skyline of Bogota, Colombia, where weathered church bell towers and a domed cathedral rise above a sea of terracotta rooftops. Storm clouds roll across the sky, catching the last warm light of day and casting a golden glow over the old town below, while modern high rises peek out in the distance, blending centuries of history in one view. The rich rust and clay tones of the rooftops paired with the dramatic grey sky make this a striking statement piece for any room. It brings warmth and old world character to a living room, home office, reading nook, or entryway, and works beautifully alongside travel themed decor or other cityscape prints. Perfect for lovers of architecture, travel photography, and Latin American culture, this print makes a thoughtful gift for anyone who has visited Colombia or dreams of exploring its historic capital. Pair it with neutral or wood toned frames to let the warm colors take center stage on your wall. WHAT YOU RECEIVE Instant digital download. High resolution JPG files at 300 DPI covering a wide range of print sizes, in both inches and centimetres. Nothing is posted to you. ABOUT THE PHOTOS The room photographs are mockups. Frames, mats, furniture and accessories are not included and are shown only to suggest how the print might look. The print is sized to approximate scale in each room, but it is an illustration, not a measurement. Please measure your own wall and choose the size that suits it. COLOUR Screens and printers vary, so the printed colour may differ a little from what you see here.",https://kirwana.github.io/p/4580136224.html,https://i.etsystatic.com/45832662/r/il/71fb26/8559555074/il_fullxfull.8559555074_vwd6.jpg,"https://i.etsystatic.com/45832662/r/il/422f74/8559555430/il_fullxfull.8559555430_nopl.jpg,https://i.etsystatic.com/45832662/r/il/4db45c/8559555598/il_fullxfull.8559555598_tecr.jpg,https://i.etsystatic.com/45832662/r/il/ff1276/8559555778/il_fullxfull.8559555778_labq.jpg,https://i.etsystatic.com/45832662/r/il/ea7800/8559556332/il_fullxfull.8559556332_qclh.jpg,https://i.etsystatic.com/45832662/r/il/69d324/8607416027/il_fullxfull.8607416027_hr3k.jpg",9.99 AUD,in stock,new,Mirrors Fine Art,Printable wall art
4580133148,"Ireland Lighthouse Print, Coastal Harbor Photography, Nautical Wall Art (Digital Download)","An original photograph by Alan and Carolina, taken with a real camera. Every size listed prints sharp, and the larger formats are best viewed from around two feet, the distance a framed print is normally seen from. A striking stone lighthouse stands guard at the entrance to a busy harbor, its red-topped lantern room catching the last golden light beneath a sweeping expanse of dramatic clouds. Weathered rocks lead the eye toward the tower, while a marina full of sailboats and distant hills complete this atmospheric coastal scene. With its rich texture and moody sky, this image brings a sense of calm adventure to any room. It works beautifully in a living room, home office, or reading nook, and makes a wonderful addition to a coastal or nautical themed space. The warm stone tones and soft evening light pair well with neutral and blue color palettes. This piece is perfect for lovers of travel photography, seaside architecture, and dramatic landscapes. It also makes a thoughtful gift for anyone who feels drawn to the ocean or has a fondness for lighthouses and harbor towns. Bring a touch of coastal serenity into your home with this timeless piece of art. WHAT YOU RECEIVE Instant digital download. High resolution JPG files at 300 DPI covering a wide range of print sizes, in both inches and centimetres. Nothing is posted to you. ABOUT THE PHOTOS The room photographs are mockups. Frames, mats, furniture and accessories are not included and are shown only to suggest how the print might look. The print is sized to approximate scale in each room, but it is an illustration, not a measurement. Please measure your own wall and choose the size that suits it. COLOUR Screens and printers vary, so the printed colour may differ a little from what you see here.",https://kirwana.github.io/p/4580133148.html,https://i.etsystatic.com/45832662/r/il/58eec3/8559532416/il_fullxfull.8559532416_mt50.jpg,"https://i.etsystatic.com/45832662/r/il/b8c176/8607390735/il_fullxfull.8607390735_jus8.jpg,https://i.etsystatic.com/45832662/r/il/6be79b/8607390893/il_fullxfull.8607390893_6z25.jpg,https://i.etsystatic.com/45832662/r/il/9da021/8559533158/il_fullxfull.8559533158_9x8w.jpg,https://i.etsystatic.com/45832662/r/il/1752aa/8559533318/il_fullxfull.8559533318_jg4e.jpg,https://i.etsystatic.com/45832662/r/il/35415c/8559533534/il_fullxfull.8559533534_2zqf.jpg",9.99 AUD,in stock,new,Mirrors Fine Art,Printable wall art
4580127152,"Black and White Sydney Harbour Bridge Print, Night Skyline Photography (Digital Download)","An original photograph by Alan and Carolina, taken with a real camera. Every size listed prints sharp, and the larger formats are best viewed from around two feet, the distance a framed print is normally seen from. This striking black and white photograph captures the Sydney Harbour Bridge illuminated against the night sky, its iron arch reflected in the still waters below. The long exposure technique gives the city lights a soft glow and turns the harbour into a mirror of silver light, creating a dramatic and timeless scene. With its high contrast tones and architectural grandeur, this image brings a bold urban statement to any room. It suits a modern living room, a home office, or a study, adding sophistication and a sense of place. The monochrome palette makes it easy to pair with most interior color schemes, from minimalist grey and white spaces to warm wood tones. Perfect for lovers of cityscapes, architecture, and travel photography, this print also makes a thoughtful gift for anyone with a connection to Sydney or Australia. Whether displayed alone as a striking focal point or grouped with other black and white cityscapes, this piece brings depth, drama, and timeless elegance to your walls. WHAT YOU RECEIVE Instant digital download. High resolution JPG files at 300 DPI covering a wide range of print sizes, in both inches and centimetres. Nothing is posted to you. ABOUT THE PHOTOS The room photographs are mockups. Frames, mats, furniture and accessories are not included and are shown only to suggest how the print might look. The print is sized to approximate scale in each room, but it is an illustration, not a measurement. Please measure your own wall and choose the size that suits it. COLOUR Screens and printers vary, so the printed colour may differ a little from what you see here.",https://kirwana.github.io/p/4580127152.html,https://i.etsystatic.com/45832662/r/il/367937/8607345171/il_fullxfull.8607345171_dmc1.jpg,"https://i.etsystatic.com/45832662/r/il/8d77b0/8559487874/il_fullxfull.8559487874_23gn.jpg,https://i.etsystatic.com/45832662/r/il/066b75/8607345669/il_fullxfull.8607345669_b0e2.jpg,https://i.etsystatic.com/45832662/r/il/eab68e/8607345907/il_fullxfull.8607345907_7pnc.jpg,https://i.etsystatic.com/45832662/r/il/6112d1/8559488578/il_fullxfull.8559488578_t0os.jpg,https://i.etsystatic.com/45832662/r/il/3e30ae/8607346497/il_fullxfull.8607346497_66a0.jpg",9.99 AUD,in stock,new,Mirrors Fine Art,Printable wall art
4580125448,"Black and White Jetty Print, Minimalist Lake Wall Art, Zen Decor (Digital Download)","An original photograph by Alan and Carolina, taken with a real camera. Every size listed prints sharp, and the larger formats are best viewed from around two feet, the distance a framed print is normally seen from. A tranquil black and white photograph of a wooden jetty stretching into perfectly still lake water, with a small platform bearing a weathered Shallow Water sign at its end. Silhouetted trees line the far shore beneath a soft, pale sky, creating a scene of quiet stillness and calm. The long exposure smooths the water into glass, giving the image a meditative, almost dreamlike quality. The strong architectural lines of the dock lead the eye through the frame, balanced by the natural texture of the timber and the muted tones of the distant treeline. This minimalist monochrome print suits a wide range of interiors, from coastal cottages to modern minimalist spaces. It brings a sense of calm and quiet sophistication to a living room, bedroom, office, or reading nook. Perfect for anyone who loves lake views, black and white photography, or serene nature scenes. A wonderful gift for photography lovers, nature enthusiasts, or anyone wanting to add a peaceful focal point to their home decor. WHAT YOU RECEIVE Instant digital download. High resolution JPG files at 300 DPI covering a wide range of print sizes, in both inches and centimetres. Nothing is posted to you. ABOUT THE PHOTOS The room photographs are mockups. Frames, mats, furniture and accessories are not included and are shown only to suggest how the print might look. The print is sized to approximate scale in each room, but it is an illustration, not a measurement. Please measure your own wall and choose the size that suits it. COLOUR Screens and printers vary, so the printed colour may differ a little from what you see here.",https://kirwana.github.io/p/4580125448.html,https://i.etsystatic.com/45832662/r/il/42d1bc/8559474620/il_fullxfull.8559474620_humu.jpg,"https://i.etsystatic.com/45832662/r/il/41edec/8607332639/il_fullxfull.8607332639_s2vl.jpg,https://i.etsystatic.com/45832662/r/il/54a328/8559474900/il_fullxfull.8559474900_achj.jpg,https://i.etsystatic.com/45832662/r/il/014d56/8559475062/il_fullxfull.8559475062_tr9k.jpg,https://i.etsystatic.com/45832662/r/il/daacae/8607333145/il_fullxfull.8607333145_c39o.jpg,https://i.etsystatic.com/45832662/r/il/5097de/8607333331/il_fullxfull.8607333331_5unb.jpg",9.99 AUD,in stock,new,Mirrors Fine Art,Printable wall art
4580101905,"Sydney Opera House Night Skyline Print, Harbour Bridge Wall Art (Digital Download)","An original photograph by Alan and Carolina, taken with a real camera. Every size listed prints sharp, and the larger formats are best viewed from around two feet, the distance a framed print is normally seen from. A striking night view of Sydney Harbour, framed beneath the sweeping steel arch of the Harbour Bridge with the iconic Opera House glowing softly in the distance. Warm amber light spills across the historic stone wall and iron fence in the foreground, contrasting beautifully with the deep indigo sky and shimmering water below. This image captures the energy and elegance of one of the world's most recognizable skylines, blending architecture, history and atmosphere into a single striking composition. The interplay of warm and cool tones makes it a versatile piece for a range of interiors. Perfect for a living room, office, hallway or study, this print adds a sophisticated urban touch to any space. It works well in modern, industrial or contemporary decor styles, and makes a thoughtful gift for travelers, architecture lovers or anyone drawn to iconic cityscapes. Bring the magic of Sydney into your home with this evocative piece of wall art, ideal as a standout feature or part of a curated gallery wall. WHAT YOU RECEIVE Instant digital download. High resolution JPG files at 300 DPI covering a wide range of print sizes, in both inches and centimetres. Nothing is posted to you. ABOUT THE PHOTOS The room photographs are mockups. Frames, mats, furniture and accessories are not included and are shown only to suggest how the print might look. The print is sized to approximate scale in each room, but it is an illustration, not a measurement. Please measure your own wall and choose the size that suits it. COLOUR Screens and printers vary, so the printed colour may differ a little from what you see here.",https://kirwana.github.io/p/4580101905.html,https://i.etsystatic.com/45832662/r/il/f00c0e/8560649230/il_fullxfull.8560649230_s9v5.jpg,"https://i.etsystatic.com/45832662/r/il/208087/8560649710/il_fullxfull.8560649710_b73s.jpg,https://i.etsystatic.com/45832662/r/il/67f069/8608508973/il_fullxfull.8608508973_h2h2.jpg,https://i.etsystatic.com/45832662/r/il/27dbc9/8608509053/il_fullxfull.8608509053_9x22.jpg,https://i.etsystatic.com/45832662/r/il/2876f1/8560650032/il_fullxfull.8560650032_9rdb.jpg,https://i.etsystatic.com/45832662/r/il/90717e/8560650140/il_fullxfull.8560650140_rym9.jpg",9.99 AUD,in stock,new,Mirrors Fine Art,Printable wall art
4580098743,"Thailand Pier Sunset Print, Tropical Beach House Decor (Digital Download)","An original photograph by Alan and Carolina, taken with a real camera. Every size listed prints sharp, and the larger formats are best viewed from around two feet, the distance a framed print is normally seen from. A quiet pier stretches out over glassy tidal waters as the sky fills with soft pastel light at dusk. A small gazebo sits at the end of the walkway, mirrored perfectly in the still water below, while distant hills fade into a warm horizon. Scattered rocks and gentle clouds add texture and calm to this peaceful coastal scene captured in Thailand. This tranquil seascape brings a sense of stillness and warmth to any space. The soft blues, golds, and pinks make it a versatile piece for a living room, bedroom, office, or coastal themed nook. It pairs beautifully with neutral and beachy color palettes and works equally well as a solo statement piece or part of a gallery wall. Perfect for anyone who loves travel photography, ocean views, or serene sunset scenes, this print makes a thoughtful gift for beach lovers, new homeowners, or anyone seeking a moment of calm in their everyday surroundings. Print it at home or through your favorite printing service to bring this peaceful view into your space. WHAT YOU RECEIVE Instant digital download. High resolution JPG files at 300 DPI covering a wide range of print sizes, in both inches and centimetres. Nothing is posted to you. ABOUT THE PHOTOS The room photographs are mockups. Frames, mats, furniture and accessories are not included and are shown only to suggest how the print might look. The print is sized to approximate scale in each room, but it is an illustration, not a measurement. Please measure your own wall and choose the size that suits it. COLOUR Screens and printers vary, so the printed colour may differ a little from what you see here.",https://kirwana.github.io/p/4580098743.html,https://i.etsystatic.com/45832662/r/il/7045be/8559391576/il_fullxfull.8559391576_4vgz.jpg,"https://i.etsystatic.com/45832662/r/il/04fb01/8607249067/il_fullxfull.8607249067_6qnq.jpg,https://i.etsystatic.com/45832662/r/il/844ef0/8607249241/il_fullxfull.8607249241_2gxt.jpg,https://i.etsystatic.com/45832662/r/il/a1fcdd/8559392288/il_fullxfull.8559392288_7pqy.jpg,https://i.etsystatic.com/45832662/r/il/f2fe0e/8559392518/il_fullxfull.8559392518_p8p4.jpg,https://i.etsystatic.com/45832662/r/il/7ececb/8559392986/il_fullxfull.8559392986_kgya.jpg",9.99 AUD,in stock,new,Mirrors Fine Art,Printable wall art
4580051073,"Black and White Bolivia Volcano Print, Altiplano Desert Landscape (Digital Download)","An original photograph by Alan and Carolina, taken with a real camera. Every size listed prints sharp, and the larger formats are best viewed from around two feet, the distance a framed print is normally seen from. A solitary volcanic peak rises above the arid highlands of the Bolivian altiplano, its snow dusted summit catching the light against a vast, empty sky. In the foreground, tufts of hardy desert grass punctuate the rocky plain, leading the eye toward distant hills and the silent giant beyond. Captured in striking black and white, this image distills the scene to its essential textures and contrasts, the smooth slopes of the mountain set against the wild, scattered brush below. This print brings a sense of quiet vastness to any room. Its timeless monochrome palette makes it easy to place in a modern living room, a reading nook, a home office, or alongside travel and nature themed decor. The composition works well printed large as a striking statement piece or smaller as part of a gallery wall grouping. A thoughtful gift for anyone who loves mountains, deserts, hiking, or South American landscapes, or for someone looking to bring a calm, dramatic focal point into their home or studio. WHAT YOU RECEIVE Instant digital download. High resolution JPG files at 300 DPI covering a wide range of print sizes, in both inches and centimetres. Nothing is posted to you. ABOUT THE PHOTOS The room photographs are mockups. Frames, mats, furniture and accessories are not included and are shown only to suggest how the print might look. The print is sized to approximate scale in each room, but it is an illustration, not a measurement. Please measure your own wall and choose the size that suits it. COLOUR Screens and printers vary, so the printed colour may differ a little from what you see here.",https://kirwana.github.io/p/4580051073.html,https://i.etsystatic.com/45832662/r/il/eccdcf/8606910573/il_fullxfull.8606910573_lfc6.jpg,"https://i.etsystatic.com/45832662/r/il/1c7599/8559055308/il_fullxfull.8559055308_kfhq.jpg,https://i.etsystatic.com/45832662/r/il/b5e09f/8559055600/il_fullxfull.8559055600_4epd.jpg,https://i.etsystatic.com/45832662/r/il/63ef65/8559055804/il_fullxfull.8559055804_q2zw.jpg,https://i.etsystatic.com/45832662/r/il/833e3c/8606911627/il_fullxfull.8606911627_bx02.jpg,https://i.etsystatic.com/45832662/r/il/b709f3/8606912041/il_fullxfull.8606912041_6lxh.jpg",9.99 AUD,in stock,new,Mirrors Fine Art,Printable wall art
4580051164,"Salar de Uyuni Salt Flats Print, Minimalist Landscape Photography (Digital Download)","An original photograph by Alan and Carolina, taken with a real camera. Every size listed prints sharp, and the larger formats are best viewed from around two feet, the distance a framed print is normally seen from. A vast white salt flat stretches toward a distant blue mountain range beneath a clear sky, its surface etched with natural hexagonal patterns that lead the eye straight to the horizon. Captured in crisp detail, this image of the salt flats offers a striking blend of texture, geometry, and open space. The cool palette of icy white and gentle blue makes this piece a versatile addition to modern, minimalist, or coastal inspired interiors. Hang it in a living room, bedroom, office, or entryway for an instant sense of calm and scale. Its clean lines and quiet color story pair beautifully with neutral furnishings, though it also stands out as a bold focal point on its own. This tranquil landscape suits anyone drawn to travel, nature, or wide open places. It makes a thoughtful gift for adventurers, minimalists, or fans of striking geography, and works equally well as a housewarming present or a treat for yourself. Print it large for a dramatic statement wall or smaller for a curated gallery arrangement alongside other nature prints. WHAT YOU RECEIVE Instant digital download. High resolution JPG files at 300 DPI covering a wide range of print sizes, in both inches and centimetres. Nothing is posted to you. ABOUT THE PHOTOS The room photographs are mockups. Frames, mats, furniture and accessories are not included and are shown only to suggest how the print might look. The print is sized to approximate scale in each room, but it is an illustration, not a measurement. Please measure your own wall and choose the size that suits it. COLOUR Screens and printers vary, so the printed colour may differ a little from what you see here.",https://kirwana.github.io/p/4580051164.html,https://i.etsystatic.com/45832662/r/il/47f859/8606811665/il_fullxfull.8606811665_99zf.jpg,"https://i.etsystatic.com/45832662/r/il/dfb1d5/8606811973/il_fullxfull.8606811973_ftqu.jpg,https://i.etsystatic.com/45832662/r/il/cb607c/8606812177/il_fullxfull.8606812177_lcq0.jpg,https://i.etsystatic.com/45832662/r/il/1cf935/8558957480/il_fullxfull.8558957480_ba4w.jpg,https://i.etsystatic.com/45832662/r/il/32ceaa/8606812655/il_fullxfull.8606812655_2a4e.jpg,https://i.etsystatic.com/45832662/r/il/91b99c/8606812923/il_fullxfull.8606812923_bof0.jpg",9.99 AUD,in stock,new,Mirrors Fine Art,Printable wall art
4580026317,"Black and White Vinicunca Mountain Print, Andes Landscape Photography (Digital Download)","An original photograph by Alan and Carolina, taken with a real camera. Every size listed prints sharp, and the larger formats are best viewed from around two feet, the distance a framed print is normally seen from. A dramatic black and white photograph capturing a rugged mountain ridge, its jagged peaks rising sharply against a pale sky. Sunlight traces a winding path along the ridgeline, highlighting the texture and folds of the rocky terrain below. The layered peaks fade into the distance, creating depth and quiet grandeur. Rendered in striking monochrome, this image emphasizes the raw contrast between light and shadow across the mountain landscape. The composition captures both the scale of the peaks and the intricate details of the eroded slopes, offering a timeless and dramatic view of nature at its most powerful. This print works beautifully in living rooms, offices, and reading nooks, adding a bold natural focal point without overwhelming a space. Its grayscale palette makes it easy to pair with any existing color scheme, from minimalist interiors to more traditional decor. A wonderful gift for hikers, travelers, and lovers of dramatic landscapes, this piece brings the quiet power of high altitude wilderness into any home. WHAT YOU RECEIVE Instant digital download. High resolution JPG files at 300 DPI covering a wide range of print sizes, in both inches and centimetres. Nothing is posted to you. ABOUT THE PHOTOS The room photographs are mockups. Frames, mats, furniture and accessories are not included and are shown only to suggest how the print might look. The print is sized to approximate scale in each room, but it is an illustration, not a measurement. Please measure your own wall and choose the size that suits it. COLOUR Screens and printers vary, so the printed colour may differ a little from what you see here.",https://kirwana.github.io/p/4580026317.html,https://i.etsystatic.com/45832662/r/il/fd1b3b/8558894432/il_fullxfull.8558894432_pu0p.jpg,"https://i.etsystatic.com/45832662/r/il/a1972c/8606749801/il_fullxfull.8606749801_2usu.jpg,https://i.etsystatic.com/45832662/r/il/4f25ec/8558894764/il_fullxfull.8558894764_11y5.jpg,https://i.etsystatic.com/45832662/r/il/f3351f/8558894938/il_fullxfull.8558894938_lg16.jpg,https://i.etsystatic.com/45832662/r/il/209341/8558895168/il_fullxfull.8558895168_c0vl.jpg,https://i.etsystatic.com/45832662/r/il/b1c940/8606750517/il_fullxfull.8606750517_ejdb.jpg",9.99 AUD,in stock,new,Mirrors Fine Art,Printable wall art
4580016356,"Black and White Andes Mountain Print, Vinicunca Landscape Photography (Digital Download)","An original photograph by Alan and Carolina, taken with a real camera. Every size listed prints sharp, and the larger formats are best viewed from around two feet, the distance a framed print is normally seen from. A striking black and white photograph capturing a vast mountain range beneath a sky filled with billowing clouds. Sharp jagged ridgelines cut across the frame, their rocky textures rendered in deep contrast against a soft, luminous sky. Traces of snow rest in the higher folds of the peaks, adding subtle brightness to the rugged terrain below. This image brings a sense of scale and quiet drama to any room. The timeless monochrome palette makes it easy to place in modern, minimalist, or rustic interiors alike, whether hung in a living room, office, or bedroom. It pairs beautifully with natural wood tones, neutral walls, and industrial accents. Perfect for anyone who loves mountains, hiking, or dramatic landscape photography. This high resolution digital print is ideal for those seeking a striking statement piece or a thoughtful gift for the adventurer, traveler, or nature lover in their life. Print it at home, at a local shop, or through an online printing service to fit the size and frame of your choice. WHAT YOU RECEIVE Instant digital download. High resolution JPG files at 300 DPI covering a wide range of print sizes, in both inches and centimetres. Nothing is posted to you. ABOUT THE PHOTOS The room photographs are mockups. Frames, mats, furniture and accessories are not included and are shown only to suggest how the print might look. The print is sized to approximate scale in each room, but it is an illustration, not a measurement. Please measure your own wall and choose the size that suits it. COLOUR Screens and printers vary, so the printed colour may differ a little from what you see here.",https://kirwana.github.io/p/4580016356.html,https://i.etsystatic.com/45832662/r/il/82ab66/8558816478/il_fullxfull.8558816478_9lmb.jpg,"https://i.etsystatic.com/45832662/r/il/04aa42/8558816672/il_fullxfull.8558816672_m4pb.jpg,https://i.etsystatic.com/45832662/r/il/4adcf1/8606672669/il_fullxfull.8606672669_lfnq.jpg,https://i.etsystatic.com/45832662/r/il/b4ca0a/8558817166/il_fullxfull.8558817166_5e22.jpg,https://i.etsystatic.com/45832662/r/il/a1291b/8606673145/il_fullxfull.8606673145_czac.jpg,https://i.etsystatic.com/45832662/r/il/bc9400/8606673381/il_fullxfull.8606673381_jwvc.jpg",9.99 AUD,in stock,new,Mirrors Fine Art,Printable wall art
4579507035,"Cradle Mountain Dove Lake Print, Black and White Tasmania Landscape (Digital Download)","An original photograph by Alan and Carolina, taken with a real camera. Every size listed prints sharp, and the larger formats are best viewed from around two feet, the distance a framed print is normally seen from. Dove Lake stretches out beneath the jagged peaks of Cradle Mountain in this striking black and white photograph. A weathered boulder rises from the still water in the foreground, its rugged texture echoing the dramatic mountain range beyond. Soft clouds drift across the sky and mirror perfectly on the glassy lake surface, creating a serene sense of balance between earth, water, and sky. This timeless monochrome scene brings a calm, contemplative energy to any space. The strong tonal contrast and natural composition make it a wonderful addition to a living room, office, or bedroom wall, pairing beautifully with both modern and rustic decor styles. Perfect for nature lovers, hikers, and anyone drawn to the wild beauty of Tasmania, this print makes a thoughtful gift for outdoor enthusiasts or a meaningful piece for your own home gallery. Its quiet, majestic feel suits large statement walls as well as intimate reading corners, bringing the tranquility of the Tasmanian wilderness into your everyday surroundings. WHAT YOU RECEIVE Instant digital download. High resolution JPG files at 300 DPI covering a wide range of print sizes, in both inches and centimetres. Nothing is posted to you. ABOUT THE PHOTOS The room photographs are mockups. Frames, mats, furniture and accessories are not included and are shown only to suggest how the print might look. The print is sized to approximate scale in each room, but it is an illustration, not a measurement. Please measure your own wall and choose the size that suits it. COLOUR Screens and printers vary, so the printed colour may differ a little from what you see here.",https://kirwana.github.io/p/4579507035.html,https://i.etsystatic.com/45832662/r/il/b188c3/8602960219/il_fullxfull.8602960219_pult.jpg,"https://i.etsystatic.com/45832662/r/il/5d46f0/8555097672/il_fullxfull.8555097672_cc25.jpg,https://i.etsystatic.com/45832662/r/il/9c904b/8555097736/il_fullxfull.8555097736_q1l2.jpg,https://i.etsystatic.com/45832662/r/il/14167e/8555097784/il_fullxfull.8555097784_i159.jpg,https://i.etsystatic.com/45832662/r/il/ba1d4b/8555097832/il_fullxfull.8555097832_kn13.jpg,https://i.etsystatic.com/45832662/r/il/0f7e49/8602960553/il_fullxfull.8602960553_e9x7.jpg",9.99 AUD,in stock,new,Mirrors Fine Art,Printable wall art
4579501405,"Irish Castle Ruins Print, Medieval Stone Photography, Gothic Decor (Digital Download)","An original photograph by Alan and Carolina, taken with a real camera. Every size listed prints sharp, and the larger formats are best viewed from around two feet, the distance a framed print is normally seen from. A weathered stone castle stands atop a grassy hill, its crumbling walls softened by a thick blanket of climbing ivy. Beneath a heavy, brooding sky, the ancient tower and broken battlements tell a quiet story of centuries past, while the vivid green grass in the foreground offers a striking contrast to the grey stonework and clouds above. This atmospheric image captures the timeless beauty of Ireland's historic ruins, blending rugged texture with romantic decay. The dramatic contrast between weathered stone, lush greenery, and stormy skies gives the piece a moody, cinematic quality that works beautifully in both traditional and modern interiors. Perfect for a living room, study, or reading nook, this print adds a sense of history and adventure to any wall. It also makes a thoughtful gift for lovers of Irish heritage, medieval architecture, castles, or dramatic landscape photography. Whether displayed alone or as part of a gallery wall, this image brings a touch of old world grandeur and quiet drama into any space. WHAT YOU RECEIVE Instant digital download. High resolution JPG files at 300 DPI covering a wide range of print sizes, in both inches and centimetres. Nothing is posted to you. ABOUT THE PHOTOS The room photographs are mockups. Frames, mats, furniture and accessories are not included and are shown only to suggest how the print might look. The print is sized to approximate scale in each room, but it is an illustration, not a measurement. Please measure your own wall and choose the size that suits it. COLOUR Screens and printers vary, so the printed colour may differ a little from what you see here.",https://kirwana.github.io/p/4579501405.html,https://i.etsystatic.com/45832662/r/il/13ed1d/8602915847/il_fullxfull.8602915847_tlgm.jpg,"https://i.etsystatic.com/45832662/r/il/afef57/8602915931/il_fullxfull.8602915931_krzz.jpg,https://i.etsystatic.com/45832662/r/il/e2b95d/8602915991/il_fullxfull.8602915991_6ydt.jpg,https://i.etsystatic.com/45832662/r/il/54c233/8555053740/il_fullxfull.8555053740_sbdx.jpg,https://i.etsystatic.com/45832662/r/il/468e89/8555053790/il_fullxfull.8555053790_npwx.jpg,https://i.etsystatic.com/45832662/r/il/ff55b2/8555053898/il_fullxfull.8555053898_j8xw.jpg",9.99 AUD,in stock,new,Mirrors Fine Art,Printable wall art
4579479922,"Machu Picchu Black and White Print, Inca Ruins Andes Mountain Photography (Digital Download)","An original photograph by Alan and Carolina, taken with a real camera. Every size listed prints sharp, and the larger formats are best viewed from around two feet, the distance a framed print is normally seen from. A striking black and white photograph of Machu Picchu bathed in early morning light, with sunbeams cutting through the dramatic peaks of the Andes. The ancient Inca ruins sit nestled beneath the iconic Huayna Picchu mountain, rendered in rich tones of light and shadow that capture the mystery and grandeur of this legendary site. This monochrome image brings a sense of timeless adventure and quiet awe to any room. The strong contrast and layered mountain silhouettes make it a striking focal point for a living room, office, or reading nook, while its neutral palette allows it to blend effortlessly with most interior styles, from modern minimalist to rustic and industrial. Perfect for travel lovers, history enthusiasts, or anyone captivated by ancient wonders, this print makes a thoughtful gift for birthdays, anniversaries, or housewarmings. Display it alone for a bold statement piece or pair it with other black and white landscapes to create a curated gallery wall celebrating the beauty of the natural world. WHAT YOU RECEIVE Instant digital download. High resolution JPG files at 300 DPI covering a wide range of print sizes, in both inches and centimetres. Nothing is posted to you. ABOUT THE PHOTOS The room photographs are mockups. Frames, mats, furniture and accessories are not included and are shown only to suggest how the print might look. The print is sized to approximate scale in each room, but it is an illustration, not a measurement. Please measure your own wall and choose the size that suits it. COLOUR Screens and printers vary, so the printed colour may differ a little from what you see here.",https://kirwana.github.io/p/4579479922.html,https://i.etsystatic.com/45832662/r/il/b24288/8554744126/il_fullxfull.8554744126_kctq.jpg,"https://i.etsystatic.com/45832662/r/il/e373fc/8554744190/il_fullxfull.8554744190_dwdv.jpg,https://i.etsystatic.com/45832662/r/il/c168fe/8554744234/il_fullxfull.8554744234_4h6g.jpg,https://i.etsystatic.com/45832662/r/il/affb10/8554744282/il_fullxfull.8554744282_6dbf.jpg,https://i.etsystatic.com/45832662/r/il/e54028/8554744388/il_fullxfull.8554744388_4r7d.jpg,https://i.etsystatic.com/45832662/r/il/35aabc/8554744452/il_fullxfull.8554744452_f5sw.jpg",9.99 AUD,in stock,new,Mirrors Fine Art,Printable wall art
4578851241,"Bolivia Altiplano Volcano Print, Black and White Andes Landscape (Digital Download)","An original photograph by Alan and Carolina, taken with a real camera. Every size listed prints sharp, and the larger formats are best viewed from around two feet, the distance a framed print is normally seen from. A striking black and white photograph capturing a solitary volcanic peak rising over the vast, arid plains of the Bolivian Altiplano. This high-contrast monochrome landscape suits modern, minimalist, and rustic interiors alike. Hang it in a living room, home office, or reading nook to bring a sense of quiet grandeur and adventure into your space. It also makes a thoughtful gift for travelers, hikers, photography enthusiasts, or anyone drawn to wild, remote landscapes. Printed at home or through your favorite print shop, this artwork adapts easily to different sizes and frame styles, letting you customize your display to fit any wall. Its bold composition and rich tonal range ensure it remains a captivating focal point in any room. WHAT YOU RECEIVE Instant digital download. High resolution JPG files at 300 DPI covering a wide range of print sizes, in both inches and centimetres. Nothing is posted to you. ABOUT THE PHOTOS The room photographs are mockups. Frames, mats, furniture and accessories are not included and are shown only to suggest how the print might look. The print is sized to approximate scale in each room, but it is an illustration, not a measurement. Please measure your own wall and choose the size that suits it. COLOUR Screens and printers vary, so the printed colour may differ a little from what you see here.",https://kirwana.github.io/p/4578851241.html,https://i.etsystatic.com/45832662/r/il/8fd128/8602021391/il_fullxfull.8602021391_6f7c.jpg,"https://i.etsystatic.com/45832662/r/il/2749e8/8602021501/il_fullxfull.8602021501_ceol.jpg,https://i.etsystatic.com/45832662/r/il/93c9af/8602021541/il_fullxfull.8602021541_is61.jpg,https://i.etsystatic.com/45832662/r/il/6432b5/8602021573/il_fullxfull.8602021573_soaf.jpg,https://i.etsystatic.com/45832662/r/il/e43a2e/8554159110/il_fullxfull.8554159110_kcgo.jpg,https://i.etsystatic.com/45832662/r/il/0f6498/8554159156/il_fullxfull.8554159156_esa7.jpg",9.99 AUD,in stock,new,Mirrors Fine Art,Printable wall art
4578941967,"Uyuni Train Cemetery Print, Abandoned Locomotives, Industrial Photography (Digital Download)","An original photograph by Alan and Carolina, taken with a real camera. Every size listed prints sharp, and the larger formats are best viewed from around two feet, the distance a framed print is normally seen from. A haunting black and white photograph of the great train cemetery, where rusted steam locomotives lie abandoned in a vast desert plain. Weathered iron hulls stretch toward distant mountains beneath a wide sky, one engine marked with faded graffiti reading a farewell to a fallen friend. The scene captures the quiet dignity of forgotten machines slowly returning to dust. This striking monochrome image brings depth and atmosphere to any room. The strong linear composition and rich tonal contrast make it a perfect statement piece for a study, office, or industrial style living space. It pairs beautifully with reclaimed wood, exposed brick, and metal accents, or works equally well in a minimalist black and white gallery wall. Whether you love trains, industrial history, or simply striking desert photography, this piece offers a bold and evocative addition to your walls. It also makes a thoughtful gift for railway enthusiasts, travelers, or anyone drawn to atmospheric fine art photography celebrating forgotten places and quiet decay. [""digital photograph"",""printable art"",""jpg download""] WHAT YOU RECEIVE Instant digital download. High resolution JPG files at 300 DPI covering a wide range of print sizes, in both inches and centimetres. Nothing is posted to you. ABOUT THE PHOTOS The room photographs are mockups. Frames, mats, furniture and accessories are not included and are shown only to suggest how the print might look. The print is sized to approximate scale in each room, but it is an illustration, not a measurement. Please measure your own wall and choose the size that suits it. COLOUR Screens and printers vary, so the printed colour may differ a little from what you see here.",https://kirwana.github.io/p/4578941967.html,https://i.etsystatic.com/45832662/r/il/4bb3a6/8550839784/il_fullxfull.8550839784_3tdt.jpg,"https://i.etsystatic.com/45832662/r/il/d68c13/8550839872/il_fullxfull.8550839872_5khh.jpg,https://i.etsystatic.com/45832662/r/il/376022/8598710967/il_fullxfull.8598710967_f8tc.jpg,https://i.etsystatic.com/45832662/r/il/1dc430/8550839954/il_fullxfull.8550839954_mcu9.jpg,https://i.etsystatic.com/45832662/r/il/eb14b0/8550840024/il_fullxfull.8550840024_hyfm.jpg,https://i.etsystatic.com/45832662/r/il/748c17/8550840090/il_fullxfull.8550840090_p2w6.jpg",9.99 AUD,in stock,new,Mirrors Fine Art,Printable wall art
4578940835,"Abandoned Train Cemetery Print, Black and White Industrial Art (Digital Download)","An original photograph by Alan and Carolina, taken with a real camera. Every size listed prints sharp, and the larger formats are best viewed from around two feet, the distance a framed print is normally seen from. A weathered steam locomotive rests abandoned in the desert, its rusted body covered in decades of graffiti under a vast empty sky. Captured in striking black and white, this image shows the famous train cemetery, where retired engines and rail cars sit forgotten on the sand, slowly succumbing to time and the elements. The high contrast tones and gritty texture make this a striking piece for anyone drawn to industrial, urban exploration, or travel themed decor. It brings a sense of history and quiet decay into a space, perfect for a living room, office, or reading nook where a bold conversation piece is welcome. Fans of trains, forgotten places, and monochrome photography will appreciate the raw detail captured here, from the layered spray paint to the intricate rust patterns on the metal. This print works beautifully as a standalone statement or as part of a gallery wall alongside other travel and industrial photography. A thoughtful gift for train enthusiasts, photographers, or lovers of moody atmospheric art. WHAT YOU RECEIVE Instant digital download. High resolution JPG files at 300 DPI covering a wide range of print sizes, in both inches and centimetres. Nothing is posted to you. ABOUT THE PHOTOS The room photographs are mockups. Frames, mats, furniture and accessories are not included and are shown only to suggest how the print might look. The print is sized to approximate scale in each room, but it is an illustration, not a measurement. Please measure your own wall and choose the size that suits it. COLOUR Screens and printers vary, so the printed colour may differ a little from what you see here.",https://kirwana.github.io/p/4578940835.html,https://i.etsystatic.com/45832662/r/il/d7e785/8598700689/il_fullxfull.8598700689_49z2.jpg,"https://i.etsystatic.com/45832662/r/il/fed159/8550829526/il_fullxfull.8550829526_l4jp.jpg,https://i.etsystatic.com/45832662/r/il/66a348/8550829572/il_fullxfull.8550829572_h7nq.jpg,https://i.etsystatic.com/45832662/r/il/447898/8550829640/il_fullxfull.8550829640_e6y1.jpg,https://i.etsystatic.com/45832662/r/il/e643a7/8550829738/il_fullxfull.8550829738_9oh4.jpg,https://i.etsystatic.com/45832662/r/il/dcc560/8598701003/il_fullxfull.8598701003_rjnv.jpg",9.99 AUD,in stock,new,Mirrors Fine Art,Printable wall art
4578939577,"Black and White Steam Locomotive Print, Train Cemetery Wall Art (Digital Download)","An original photograph by Alan and Carolina, taken with a real camera. Every size listed prints sharp, and the larger formats are best viewed from around two feet, the distance a framed print is normally seen from. This black and white photograph captures a weathered steam locomotive resting in a remote desert train graveyard, its rusted boiler and rivets bathed in stark sunlight against a vast empty sky. The long shadow stretching across the sand adds a sense of stillness and quiet history to the scene. With its bold contrast and industrial character, this image brings a sense of rugged nostalgia to any space. It works beautifully in a study, office, or living room where a striking monochrome statement piece is wanted, and pairs well with rustic, industrial, or minimalist interiors. A wonderful gift idea for train enthusiasts, history lovers, or anyone drawn to abandoned places and forgotten machinery. The timeless black and white palette makes it easy to match with existing decor while still commanding attention as a focal point on the wall. Perfect for adding texture and story to your home or workspace with a piece that feels both artistic and historic. WHAT YOU RECEIVE Instant digital download. High resolution JPG files at 300 DPI covering a wide range of print sizes, in both inches and centimetres. Nothing is posted to you. ABOUT THE PHOTOS The room photographs are mockups. Frames, mats, furniture and accessories are not included and are shown only to suggest how the print might look. The print is sized to approximate scale in each room, but it is an illustration, not a measurement. Please measure your own wall and choose the size that suits it. COLOUR Screens and printers vary, so the printed colour may differ a little from what you see here.",https://kirwana.github.io/p/4578939577.html,https://i.etsystatic.com/45832662/r/il/dbda26/8598689565/il_fullxfull.8598689565_8h3m.jpg,"https://i.etsystatic.com/45832662/r/il/ec618f/8550818242/il_fullxfull.8550818242_dp8p.jpg,https://i.etsystatic.com/45832662/r/il/4b2783/8598689671/il_fullxfull.8598689671_qwnd.jpg,https://i.etsystatic.com/45832662/r/il/b827a4/8598689705/il_fullxfull.8598689705_986v.jpg,https://i.etsystatic.com/45832662/r/il/15166a/8550818424/il_fullxfull.8550818424_mu6a.jpg,https://i.etsystatic.com/45832662/r/il/f42949/8550818492/il_fullxfull.8550818492_d5an.jpg",9.99 AUD,in stock,new,Mirrors Fine Art,Printable wall art
4578937795,"Vintage Train Cemetery Print, Black and White Industrial Art (Digital Download)","An original photograph by Alan and Carolina, taken with a real camera. Every size listed prints sharp, and the larger formats are best viewed from around two feet, the distance a framed print is normally seen from. This black and white photograph captures the haunting beauty of an abandoned steam locomotive resting in a vast desert train cemetery. Layers of rust and weathered steel tell a story of decades spent in the arid sun, its massive wheels and boiler frozen in time against an empty sky. The dramatic contrast and gritty texture make this image a striking addition to any space that calls for a touch of industrial character. It works beautifully in a home office, living room, or reading nook, and pairs naturally with rustic, vintage, or steampunk inspired interiors. The strong diagonal composition draws the eye down the length of the rusted machine, creating a sense of depth and quiet drama. This piece appeals to lovers of trains, urban exploration, and forgotten history. Whether displayed alone as a bold statement or grouped with other monochrome prints, it brings texture and mood to bare walls. A perfect gift for railway enthusiasts, photographers, or anyone drawn to atmospheric black and white imagery. [""digital photograph"",""digital download"",""printable art""] WHAT YOU RECEIVE Instant digital download. High resolution JPG files at 300 DPI covering a wide range of print sizes, in both inches and centimetres. Nothing is posted to you. ABOUT THE PHOTOS The room photographs are mockups. Frames, mats, furniture and accessories are not included and are shown only to suggest how the print might look. The print is sized to approximate scale in each room, but it is an illustration, not a measurement. Please measure your own wall and choose the size that suits it. COLOUR Screens and printers vary, so the printed colour may differ a little from what you see here.",https://kirwana.github.io/p/4578937795.html,https://i.etsystatic.com/45832662/r/il/58d7c7/8603353173/il_fullxfull.8603353173_3vwu.jpg,"https://i.etsystatic.com/45832662/r/il/def93b/8603353369/il_fullxfull.8603353369_cfyx.jpg,https://i.etsystatic.com/45832662/r/il/bdef7c/8555491876/il_fullxfull.8555491876_ek3r.jpg,https://i.etsystatic.com/45832662/r/il/c64883/8555491984/il_fullxfull.8555491984_28hn.jpg,https://i.etsystatic.com/45832662/r/il/1581a1/8603353587/il_fullxfull.8603353587_sibo.jpg,https://i.etsystatic.com/45832662/r/il/f35f4b/8555492130/il_fullxfull.8555492130_lx0t.jpg",9.99 AUD,in stock,new,Mirrors Fine Art,Printable wall art
4578936097,"Abandoned Train Cemetery Print, Black and White Bolivia Photography (Digital Download)","An original photograph by Alan and Carolina, taken with a real camera. Every size listed prints sharp, and the larger formats are best viewed from around two feet, the distance a framed print is normally seen from. This black and white photograph captures a rusted, abandoned steam locomotive resting in a remote train cemetery. The weathered metal, worn wheels, and graffiti heart etched into the boiler tell a story of forgotten industry slowly surrendering to the elements. A hazy mountain range stretches across the horizon behind the endless line of derelict engines, adding a haunting sense of scale and solitude to the scene. With its dramatic contrast and gritty texture, this print brings a bold, moody statement to any space. It suits industrial lofts, rustic living rooms, home offices, or a masculine bedroom retreat. The timeless monochrome palette makes it easy to pair with almost any color scheme or existing decor. Perfect for lovers of trains, urban exploration, abandoned places, and vintage machinery, this piece makes a thoughtful gift for railway enthusiasts, photographers, or anyone drawn to atmospheric, storytelling imagery. Print it large for a striking focal point or smaller for a curated gallery wall alongside other industrial and travel themed prints. WHAT YOU RECEIVE Instant digital download. High resolution JPG files at 300 DPI covering a wide range of print sizes, in both inches and centimetres. Nothing is posted to you. ABOUT THE PHOTOS The room photographs are mockups. Frames, mats, furniture and accessories are not included and are shown only to suggest how the print might look. The print is sized to approximate scale in each room, but it is an illustration, not a measurement. Please measure your own wall and choose the size that suits it. COLOUR Screens and printers vary, so the printed colour may differ a little from what you see here.",https://kirwana.github.io/p/4578936097.html,https://i.etsystatic.com/45832662/r/il/7d6869/8555437796/il_fullxfull.8555437796_ejv4.jpg,"https://i.etsystatic.com/45832662/r/il/ae9d9e/8555438168/il_fullxfull.8555438168_pvsw.jpg,https://i.etsystatic.com/45832662/r/il/5be00e/8603300165/il_fullxfull.8603300165_j1n2.jpg,https://i.etsystatic.com/45832662/r/il/fb597e/8603300225/il_fullxfull.8603300225_2572.jpg,https://i.etsystatic.com/45832662/r/il/b48c2b/8555438348/il_fullxfull.8555438348_ognm.jpg,https://i.etsystatic.com/45832662/r/il/c2db0f/8603300371/il_fullxfull.8603300371_cfj1.jpg",9.99 AUD,in stock,new,Mirrors Fine Art,Printable wall art
4578950068,"Uyuni Train Cemetery Print, Black and White Locomotive Photography (Digital Download)","An original photograph by Alan and Carolina, taken with a real camera. Every size listed prints sharp, and the larger formats are best viewed from around two feet, the distance a framed print is normally seen from. A weathered steam locomotive rests in a vast desert graveyard, its rusted iron hull weathered by decades of sun and wind. Captured in striking black and white, this image reveals the raw texture of rivets, bolts, and corroded steel against the soft, sweeping lines of distant mountains and open sky. This piece captures the haunting beauty of industrial decay, a reminder of ambition and abandonment set within nature's quiet vastness. The dramatic contrast and moody tones make it a striking addition to any space seeking depth and character. Perfect for a study, office, living room, or industrial-style loft, this print brings a sense of history and rugged elegance to your walls. It pairs beautifully with modern minimalist interiors as well as rustic or vintage themed rooms. A thoughtful gift for train enthusiasts, photographers, or lovers of desolate landscapes and industrial history. This artwork invites viewers to pause and reflect on time, decay, and the passage of eras long gone. WHAT YOU RECEIVE Instant digital download. High resolution JPG files at 300 DPI covering a wide range of print sizes, in both inches and centimetres. Nothing is posted to you. ABOUT THE PHOTOS The room photographs are mockups. Frames, mats, furniture and accessories are not included and are shown only to suggest how the print might look. The print is sized to approximate scale in each room, but it is an illustration, not a measurement. Please measure your own wall and choose the size that suits it. COLOUR Screens and printers vary, so the printed colour may differ a little from what you see here.",https://kirwana.github.io/p/4578950068.html,https://i.etsystatic.com/45832662/r/il/9d95b1/8603215467/il_fullxfull.8603215467_p9tx.jpg,"https://i.etsystatic.com/45832662/r/il/788384/8555352822/il_fullxfull.8555352822_9lui.jpg,https://i.etsystatic.com/45832662/r/il/b932b2/8555352890/il_fullxfull.8555352890_h0c3.jpg,https://i.etsystatic.com/45832662/r/il/2769cc/8555352972/il_fullxfull.8555352972_9wnq.jpg,https://i.etsystatic.com/45832662/r/il/8218e0/8603215791/il_fullxfull.8603215791_edrj.jpg,https://i.etsystatic.com/45832662/r/il/177d30/8555353114/il_fullxfull.8555353114_hlyu.jpg",9.99 AUD,in stock,new,Mirrors Fine Art,Printable wall art
4578919377,"Isla de Rosario Cartagena Print, Caribbean Beach Sunset, Kayak Photography (Digital Download)","An original photograph by Alan and Carolina, taken with a real camera. Every size listed prints sharp, and the larger formats are best viewed from around two feet, the distance a framed print is normally seen from. This coastal scene captures the calm of an island evening, perfect for anyone who loves the beach, sailing, or quiet waterside escapes. The warm colors and gentle composition bring a relaxed, breezy feel to any space. Hang this print in a bedroom, living room, or coastal themed nook to instantly bring a sense of vacation calm into your home. It also makes a lovely addition to a bathroom or reading corner, or as a thoughtful gift for beach lovers, travelers, and anyone who dreams of island sunsets. This is a digital download print, ideal for adding warmth and serenity to your walls. WHAT YOU RECEIVE Instant digital download. High resolution JPG files at 300 DPI covering a wide range of print sizes, in both inches and centimetres. Nothing is posted to you. ABOUT THE PHOTOS The room photographs are mockups. Frames, mats, furniture and accessories are not included and are shown only to suggest how the print might look. The print is sized to approximate scale in each room, but it is an illustration, not a measurement. Please measure your own wall and choose the size that suits it. COLOUR Screens and printers vary, so the printed colour may differ a little from what you see here.",https://kirwana.github.io/p/4578919377.html,https://i.etsystatic.com/45832662/r/il/c42b50/8602944907/il_fullxfull.8602944907_oxu0.jpg,"https://i.etsystatic.com/45832662/r/il/14ea14/8602945043/il_fullxfull.8602945043_jxiv.jpg,https://i.etsystatic.com/45832662/r/il/0700d8/8602945103/il_fullxfull.8602945103_qb5k.jpg,https://i.etsystatic.com/45832662/r/il/65bbd4/8555082108/il_fullxfull.8555082108_f0xi.jpg,https://i.etsystatic.com/45832662/r/il/8a75a5/8602945243/il_fullxfull.8602945243_6f8j.jpg,https://i.etsystatic.com/45832662/r/il/ae8bca/8602945301/il_fullxfull.8602945301_7axv.jpg",9.99 AUD,in stock,new,Mirrors Fine Art,Printable wall art
4578917383,"Cliffs of Moher Print, Ireland Coastal Wall Art, Irish Sea Cliffs Photography (Digital Download)","An original photograph by Alan and Carolina, taken with a real camera. Every size listed prints sharp, and the larger formats are best viewed from around two feet, the distance a framed print is normally seen from. Towering green cliffs plunge into a churning Atlantic sea beneath a moody, cloud-swept sky. This striking image of the Cliffs of Moher captures the raw power of the Irish coastline, with layered rock faces, wild grasses, and rolling whitecaps stretching toward the horizon. The rich greens and steely blue-greys create a naturally soothing yet dramatic palette that works beautifully in living rooms, offices, reading nooks, or entryways. It brings a sense of adventure and open air into any space, whether displayed alone as a bold statement piece or paired with other coastal and landscape prints in a gallery wall. Perfect for lovers of Ireland, travel photography, and rugged natural landscapes, this piece suits modern, coastal, farmhouse, or minimalist interiors alike. It also makes a thoughtful gift for hikers, nature enthusiasts, or anyone who dreams of standing at the edge of the world watching the waves roll in. Bring the wild beauty of the Irish coast into your home with this evocative cliffside seascape. WHAT YOU RECEIVE Instant digital download. High resolution JPG files at 300 DPI covering a wide range of print sizes, in both inches and centimetres. Nothing is posted to you. ABOUT THE PHOTOS The room photographs are mockups. Frames, mats, furniture and accessories are not included and are shown only to suggest how the print might look. The print is sized to approximate scale in each room, but it is an illustration, not a measurement. Please measure your own wall and choose the size that suits it. COLOUR Screens and printers vary, so the printed colour may differ a little from what you see here.",https://kirwana.github.io/p/4578917383.html,https://i.etsystatic.com/45832662/r/il/fec455/8555030202/il_fullxfull.8555030202_nai4.jpg,"https://i.etsystatic.com/45832662/r/il/75e2cf/8602892721/il_fullxfull.8602892721_sffi.jpg,https://i.etsystatic.com/45832662/r/il/8574c8/8555030702/il_fullxfull.8555030702_rbee.jpg,https://i.etsystatic.com/45832662/r/il/dd77f2/8555030746/il_fullxfull.8555030746_nbgd.jpg,https://i.etsystatic.com/45832662/r/il/88a106/8602892963/il_fullxfull.8602892963_9ysk.jpg,https://i.etsystatic.com/45832662/r/il/3898b8/8555030922/il_fullxfull.8555030922_nh9t.jpg",9.99 AUD,in stock,new,Mirrors Fine Art,Printable wall art
4578915525,"Coastal Cliff Sunrise Print, Golden Hour Seascape Wall Art (Digital Download)","An original photograph by Alan and Carolina, taken with a real camera. Every size listed prints sharp, and the larger formats are best viewed from around two feet, the distance a framed print is normally seen from. A dramatic sandstone cliff catches the golden light of early morning as it stretches out toward a hazy, sunlit sea. Soft waves break against the rocky shoreline below, while a distant headland fades into warm apricot mist along the horizon. The glowing sky and rugged coastline create a peaceful, cinematic mood that captures the quiet beauty of dawn by the ocean. This coastal photograph brings a sense of calm and warmth into any space. The soft golden tones pair beautifully with neutral, earthy, or coastal color palettes, making it a lovely addition to a living room, bedroom, home office, or reading nook. It also makes a thoughtful housewarming or travel lover gift for anyone who finds peace by the sea. Printable and ready for instant download, this artwork allows you to create custom wall decor in the size that suits your space. Print it large as a striking statement piece or smaller for a gallery wall alongside your favorite coastal prints. WHAT YOU RECEIVE Instant digital download. High resolution JPG files at 300 DPI covering a wide range of print sizes, in both inches and centimetres. Nothing is posted to you. ABOUT THE PHOTOS The room photographs are mockups. Frames, mats, furniture and accessories are not included and are shown only to suggest how the print might look. The print is sized to approximate scale in each room, but it is an illustration, not a measurement. Please measure your own wall and choose the size that suits it. COLOUR Screens and printers vary, so the printed colour may differ a little from what you see here.",https://kirwana.github.io/p/4578915525.html,https://i.etsystatic.com/45832662/r/il/7ef9b6/8602851207/il_fullxfull.8602851207_bbl5.jpg,"https://i.etsystatic.com/45832662/r/il/406f88/8554989056/il_fullxfull.8554989056_6bdo.jpg,https://i.etsystatic.com/45832662/r/il/8c72d5/8602851491/il_fullxfull.8602851491_5l7s.jpg,https://i.etsystatic.com/45832662/r/il/63be93/8554989166/il_fullxfull.8554989166_cbqd.jpg,https://i.etsystatic.com/45832662/r/il/fc437f/8602851615/il_fullxfull.8602851615_dxgd.jpg,https://i.etsystatic.com/45832662/r/il/5e30c5/8602851667/il_fullxfull.8602851667_2tq3.jpg",9.99 AUD,in stock,new,Mirrors Fine Art,Printable wall art
4578927442,"Dramatic Coastal Sunrise Seascape Print, Long Exposure Waves, Rock Formation (Digital Download)","An original photograph by Alan and Carolina, taken with a real camera. Every size listed prints sharp, and the larger formats are best viewed from around two feet, the distance a framed print is normally seen from. A dramatic seascape captured at dawn, where golden sunlight breaks through heavy storm clouds over a rugged coastline. Weathered rock ledges sit in the foreground, softened by the silky blur of long exposure waves rolling in from the sea. In the distance, a dramatic sandstone headland glows warmly against the moody sky, creating a striking contrast between fire and stone. This image blends raw natural texture with a peaceful, atmospheric mood, making it a striking addition to any coastal or nature inspired interior. The warm golden tones paired with cool blues and greys make it easy to coordinate with a variety of color schemes, from beach house neutrals to modern moody palettes. Perfect for living rooms, bedrooms, offices, or reading nooks, this print brings the calming power of the ocean indoors. It also makes a thoughtful gift for anyone who loves the sea, landscape photography, or dramatic sunrise scenes. Print it large for a bold statement piece or smaller for a gallery wall grouping alongside other nature photography. WHAT YOU RECEIVE Instant digital download. High resolution JPG files at 300 DPI covering a wide range of print sizes, in both inches and centimetres. Nothing is posted to you. ABOUT THE PHOTOS The room photographs are mockups. Frames, mats, furniture and accessories are not included and are shown only to suggest how the print might look. The print is sized to approximate scale in each room, but it is an illustration, not a measurement. Please measure your own wall and choose the size that suits it. COLOUR Screens and printers vary, so the printed colour may differ a little from what you see here.",https://kirwana.github.io/p/4578927442.html,https://i.etsystatic.com/45832662/r/il/5074a0/8554913014/il_fullxfull.8554913014_kr1i.jpg,"https://i.etsystatic.com/45832662/r/il/bc06fe/8602775593/il_fullxfull.8602775593_n3jf.jpg,https://i.etsystatic.com/45832662/r/il/c529cb/8602775691/il_fullxfull.8602775691_7nwp.jpg,https://i.etsystatic.com/45832662/r/il/d500e4/8554913566/il_fullxfull.8554913566_a3d2.jpg,https://i.etsystatic.com/45832662/r/il/f0bf54/8554913614/il_fullxfull.8554913614_4vf4.jpg,https://i.etsystatic.com/45832662/r/il/f6502c/8602775965/il_fullxfull.8602775965_2k9u.jpg",9.99 AUD,in stock,new,Mirrors Fine Art,Printable wall art
4578910661,"Dramatic Stormy Sea Sunset Print, Rocky Shore Seascape Photography (Digital Download)","An original photograph by Alan and Carolina, taken with a real camera. Every size listed prints sharp, and the larger formats are best viewed from around two feet, the distance a framed print is normally seen from. A dramatic seascape captures the sun breaking through heavy storm clouds as golden light spills across the horizon. Waves crash and cascade over dark rocky shelves in the foreground, their motion softened into a silky blur, while pools of light catch on the wet stone below. The contrast between the fiery sunburst and the deep blue and slate tones of the sea and sky creates a striking, moody atmosphere. This piece brings a sense of calm power and natural drama to any room. It works beautifully in living rooms, bedrooms, offices, or coastal themed spaces where a bold statement piece is wanted. The rich colors and long exposure motion give the image a painterly, almost cinematic quality that pairs well with both modern and rustic interiors. A wonderful choice for anyone who loves the ocean, dramatic skies, or nature photography. This printable artwork makes a thoughtful gift for beach lovers, nature enthusiasts, or anyone wanting to bring the raw beauty of the sea into their home. WHAT YOU RECEIVE Instant digital download. High resolution JPG files at 300 DPI covering a wide range of print sizes, in both inches and centimetres. Nothing is posted to you. ABOUT THE PHOTOS The room photographs are mockups. Frames, mats, furniture and accessories are not included and are shown only to suggest how the print might look. The print is sized to approximate scale in each room, but it is an illustration, not a measurement. Please measure your own wall and choose the size that suits it. COLOUR Screens and printers vary, so the printed colour may differ a little from what you see here.",https://kirwana.github.io/p/4578910661.html,https://i.etsystatic.com/45832662/r/il/c5854e/8554892270/il_fullxfull.8554892270_soqq.jpg,"https://i.etsystatic.com/45832662/r/il/6ed32c/8602754359/il_fullxfull.8602754359_guns.jpg,https://i.etsystatic.com/45832662/r/il/8ad4c2/8554892418/il_fullxfull.8554892418_cdwn.jpg,https://i.etsystatic.com/45832662/r/il/50c601/8602754467/il_fullxfull.8602754467_2n9a.jpg,https://i.etsystatic.com/45832662/r/il/4ce1de/8602754553/il_fullxfull.8602754553_5ue1.jpg,https://i.etsystatic.com/45832662/r/il/0b2aff/8554892636/il_fullxfull.8554892636_bbsr.jpg",9.99 AUD,in stock,new,Mirrors Fine Art,Printable wall art
4578908431,"Golden Hour Ocean Print, Sunrise Seascape Wall Art, Coastal Beach Decor (Digital Download)","An original photograph by Alan and Carolina, taken with a real camera. Every size listed prints sharp, and the larger formats are best viewed from around two feet, the distance a framed print is normally seen from. A glowing sunrise breaks over the horizon as waves crash and swirl around dark tidal rocks, the water rendered silky and soft by a long exposure. Warm gold and orange light spreads across the sky and glints off the rushing sea foam, creating a scene that feels both powerful and peaceful at once. This coastal print brings the calming energy of the ocean into any space. It works beautifully in a living room, bedroom, office, or reading nook, and suits coastal, modern, or minimalist interiors alike. The rich blues and warm golden tones make it a versatile piece that pairs well with neutral or nautical color palettes. Perfect for anyone who loves the beach, sunrise photography, or simply wants a serene focal point for their walls. This piece also makes a thoughtful gift for ocean lovers, new homeowners, or anyone who finds peace by the sea. Print it at home, at a local shop, or through an online printing service to fit your favorite frame size. WHAT YOU RECEIVE Instant digital download. High resolution JPG files at 300 DPI covering a wide range of print sizes, in both inches and centimetres. Nothing is posted to you. ABOUT THE PHOTOS The room photographs are mockups. Frames, mats, furniture and accessories are not included and are shown only to suggest how the print might look. The print is sized to approximate scale in each room, but it is an illustration, not a measurement. Please measure your own wall and choose the size that suits it. COLOUR Screens and printers vary, so the printed colour may differ a little from what you see here.",https://kirwana.github.io/p/4578908431.html,https://i.etsystatic.com/45832662/r/il/1ef5a7/8602729775/il_fullxfull.8602729775_7lnp.jpg,"https://i.etsystatic.com/45832662/r/il/498776/8602729859/il_fullxfull.8602729859_kfe8.jpg,https://i.etsystatic.com/45832662/r/il/33d469/8602729945/il_fullxfull.8602729945_au68.jpg,https://i.etsystatic.com/45832662/r/il/936237/8602730061/il_fullxfull.8602730061_o14m.jpg,https://i.etsystatic.com/45832662/r/il/4ae23b/8602730131/il_fullxfull.8602730131_1pc6.jpg,https://i.etsystatic.com/45832662/r/il/704ffc/8602730201/il_fullxfull.8602730201_77cd.jpg",9.99 AUD,in stock,new,Mirrors Fine Art,Printable wall art
4578883044,"Pink Flamingo Bolivia Salt Lagoon Print, Andes Wildlife Photography (Digital Download)","An original photograph by Alan and Carolina, taken with a real camera. Every size listed prints sharp, and the larger formats are best viewed from around two feet, the distance a framed print is normally seen from. A lone pink flamingo wades through the still, mirror-like waters of a high altitude salt lagoon, framed by golden grasses in the foreground and distant purple volcanic peaks under a clear blue sky. Captured in the remote highlands of Bolivia, this image balances quiet solitude with striking natural color, from the warm tones of the reeds to the cool blues of the water and sky. This print brings a sense of calm, wide open space into any room. Its serene palette and simple composition make it a natural fit for a living room, bedroom, office, or reading nook, especially in spaces styled with earthy, minimalist, or boho influences. The wildlife subject adds a touch of gentle interest without overwhelming a wall, and its horizontal format works beautifully as a single statement piece or as part of a gallery wall grouping with other nature photography. A thoughtful gift for travelers, birdwatchers, or anyone drawn to landscapes that feel both vast and peaceful. This listing is for a digital file only, ready for you to print and display at home. WHAT YOU RECEIVE Instant digital download. High resolution JPG files at 300 DPI covering a wide range of print sizes, in both inches and centimetres. Nothing is posted to you. ABOUT THE PHOTOS The room photographs are mockups. Frames, mats, furniture and accessories are not included and are shown only to suggest how the print might look. The print is sized to approximate scale in each room, but it is an illustration, not a measurement. Please measure your own wall and choose the size that suits it. COLOUR Screens and printers vary, so the printed colour may differ a little from what you see here.",https://kirwana.github.io/p/4578883044.html,https://i.etsystatic.com/45832662/r/il/301946/8602651817/il_fullxfull.8602651817_s4pm.jpg,"https://i.etsystatic.com/45832662/r/il/7e1ffa/8554787990/il_fullxfull.8554787990_2far.jpg,https://i.etsystatic.com/45832662/r/il/dc3e79/8602652113/il_fullxfull.8602652113_83t6.jpg,https://i.etsystatic.com/45832662/r/il/95ed7e/8602652175/il_fullxfull.8602652175_ogph.jpg,https://i.etsystatic.com/45832662/r/il/005a66/8554788256/il_fullxfull.8554788256_h7p8.jpg,https://i.etsystatic.com/45832662/r/il/76b6a8/8554788316/il_fullxfull.8554788316_bqq1.jpg",9.99 AUD,in stock,new,Mirrors Fine Art,Printable wall art
4578877532,"Andes Mountain Panorama Print, Black and White Snowy Peaks, Peru Landscape (Digital Download)","An original photograph by Alan and Carolina, taken with a real camera. Every size listed prints sharp, and the larger formats are best viewed from around two feet, the distance a framed print is normally seen from. A sweeping black and white panorama of the Andes mountains, capturing jagged rock peaks giving way to a snow crowned summit under a wide sky scattered with clouds. The rugged foreground terrain leads the eye across dramatic ridgelines toward the glowing white mountain in the distance, creating a sense of scale and quiet grandeur. This striking monochrome landscape brings a calm, editorial elegance to any room. Its wide format makes it a natural fit above a sofa, bed headboard, or long hallway wall, adding depth and a sense of adventure without overwhelming the space. The high contrast tones work beautifully in modern, minimalist, or rustic interiors alike. A wonderful choice for lovers of mountains, hiking, and travel photography, or as a thoughtful gift for someone who dreams of high altitude landscapes. Print it large for a bold statement piece or smaller for a gallery wall grouping alongside other nature prints. WHAT YOU RECEIVE Instant digital download. High resolution JPG files at 300 DPI covering a wide range of print sizes, in both inches and centimetres. Nothing is posted to you. ABOUT THE PHOTOS The room photographs are mockups. Frames, mats, furniture and accessories are not included and are shown only to suggest how the print might look. The print is sized to approximate scale in each room, but it is an illustration, not a measurement. Please measure your own wall and choose the size that suits it. COLOUR Screens and printers vary, so the printed colour may differ a little from what you see here.",https://kirwana.github.io/p/4578877532.html,https://i.etsystatic.com/45832662/r/il/b4fd8d/8554543916/il_fullxfull.8554543916_stju.jpg,"https://i.etsystatic.com/45832662/r/il/0b6e56/8554544222/il_fullxfull.8554544222_ozdi.jpg,https://i.etsystatic.com/45832662/r/il/f3cdbb/8554544256/il_fullxfull.8554544256_2xkp.jpg,https://i.etsystatic.com/45832662/r/il/1a8296/8554544294/il_fullxfull.8554544294_trsr.jpg,https://i.etsystatic.com/45832662/r/il/f2061b/8554544352/il_fullxfull.8554544352_3hte.jpg,https://i.etsystatic.com/45832662/r/il/b43668/8554544390/il_fullxfull.8554544390_qhi0.jpg",9.99 AUD,in stock,new,Mirrors Fine Art,Printable wall art
4578872814,"Black and White Andes Mountain Print, Minimalist Desert Landscape Photography (Digital Download)","An original photograph by Alan and Carolina, taken with a real camera. Every size listed prints sharp, and the larger formats are best viewed from around two feet, the distance a framed print is normally seen from. A striking black and white photograph of a rugged mountain range rising above a windswept desert plain in the Andes. Scattered desert scrub and a faint winding path lead the eye toward jagged peaks dusted with traces of snow, all set beneath a vast, quiet sky. The strong contrast and layered textures give this image a timeless, almost otherworldly feel. This print brings a sense of calm and vastness to any space. Its monochrome tones make it easy to pair with existing decor, whether your style leans modern minimalist, rustic southwestern, or classic neutral. Hang it in a living room, office, or reading nook to add a touch of wild, open landscape to your walls. A wonderful choice for lovers of desert scenery, mountain views, and fine art photography. This piece also makes a thoughtful gift for hikers, travelers, or anyone drawn to dramatic natural landscapes. Print it large for a bold statement piece or smaller for a gallery wall alongside other nature photography prints. WHAT YOU RECEIVE Instant digital download. High resolution JPG files at 300 DPI covering a wide range of print sizes, in both inches and centimetres. Nothing is posted to you. ABOUT THE PHOTOS The room photographs are mockups. Frames, mats, furniture and accessories are not included and are shown only to suggest how the print might look. The print is sized to approximate scale in each room, but it is an illustration, not a measurement. Please measure your own wall and choose the size that suits it. COLOUR Screens and printers vary, so the printed colour may differ a little from what you see here.",https://kirwana.github.io/p/4578872814.html,https://i.etsystatic.com/45832662/r/il/72c9e3/8554448058/il_fullxfull.8554448058_ld7o.jpg,"https://i.etsystatic.com/45832662/r/il/7907fe/8602311423/il_fullxfull.8602311423_lanw.jpg,https://i.etsystatic.com/45832662/r/il/ce2989/8602311447/il_fullxfull.8602311447_ta1k.jpg,https://i.etsystatic.com/45832662/r/il/3d3f73/8554448292/il_fullxfull.8554448292_5p1z.jpg,https://i.etsystatic.com/45832662/r/il/91a463/8602311555/il_fullxfull.8602311555_f4c8.jpg,https://i.etsystatic.com/45832662/r/il/30a1a7/8554448386/il_fullxfull.8554448386_ouo8.jpg",9.99 AUD,in stock,new,Mirrors Fine Art,Printable wall art
4578855645,"Black and White Volcano Lagoon Print, Bolivia Altiplano Desert Wall Art (Digital Download)","An original photograph by Alan and Carolina, taken with a real camera. Every size listed prints sharp, and the larger formats are best viewed from around two feet, the distance a framed print is normally seen from. A striking black and white photograph of a dormant volcano rising above the high desert plains of Bolivia, its slopes catching soft light as a still lagoon stretches across the foreground. Scattered shrubs and rugged terrain lead the eye toward the water where distant birds gather along the shoreline, framed by an endless open sky. This dramatic monochrome landscape brings a sense of quiet grandeur and stillness to any space. The bold contrast and natural textures make it a striking addition to modern, minimalist, or nature inspired interiors. It works beautifully in living rooms, offices, bedrooms, or reading nooks where a calming yet powerful focal point is desired. Perfect for lovers of travel photography, desert landscapes, and dramatic mountain scenery, this print pairs well with earthy tones, neutral palettes, and industrial or Scandinavian decor styles. It also makes a thoughtful gift for hikers, photographers, or anyone captivated by remote and untouched natural wonders. Bring the vast silence of the Bolivian altiplano into your home with this timeless piece of wall art. WHAT YOU RECEIVE Instant digital download. High resolution JPG files at 300 DPI covering a wide range of print sizes, in both inches and centimetres. Nothing is posted to you. ABOUT THE PHOTOS The room photographs are mockups. Frames, mats, furniture and accessories are not included and are shown only to suggest how the print might look. The print is sized to approximate scale in each room, but it is an illustration, not a measurement. Please measure your own wall and choose the size that suits it. COLOUR Screens and printers vary, so the printed colour may differ a little from what you see here.",https://kirwana.github.io/p/4578855645.html,https://i.etsystatic.com/45832662/r/il/112bf1/8597994641/il_fullxfull.8597994641_27kx.jpg,"https://i.etsystatic.com/45832662/r/il/81c525/8550122874/il_fullxfull.8550122874_m1pt.jpg,https://i.etsystatic.com/45832662/r/il/b86f28/8550122912/il_fullxfull.8550122912_berv.jpg,https://i.etsystatic.com/45832662/r/il/97789c/8597994761/il_fullxfull.8597994761_r983.jpg,https://i.etsystatic.com/45832662/r/il/7eceab/8597994793/il_fullxfull.8597994793_5glb.jpg,https://i.etsystatic.com/45832662/r/il/5ba02c/8597994823/il_fullxfull.8597994823_1ml3.jpg",9.99 AUD,in stock,new,Mirrors Fine Art,Printable wall art
4578853519,"Black and White Flamingos Print, Andes Lagoon Wildlife Photography (Digital Download)","An original photograph by Alan and Carolina, taken with a real camera. Every size listed prints sharp, and the larger formats are best viewed from around two feet, the distance a framed print is normally seen from. A tranquil black and white photograph of flamingos wading through a still highland lagoon, framed by the dramatic silhouette of volcanic Andes peaks. This piece brings a sense of calm and quiet grandeur to any room. Its monochrome palette allows it to blend effortlessly into modern, minimalist, coastal, or rustic interiors alike. Perfect for a living room, bedroom, office, or reading nook where you want a touch of nature and adventure without overwhelming color. An ideal gift for lovers of wildlife, travel, and landscape photography, this fine art print captures a fleeting moment of grace and movement in the wild. Printed at home or through a professional print service, it makes a striking addition to any gallery wall or a standalone statement piece. WHAT YOU RECEIVE Instant digital download. High resolution JPG files at 300 DPI covering a wide range of print sizes, in both inches and centimetres. Nothing is posted to you. ABOUT THE PHOTOS The room photographs are mockups. Frames, mats, furniture and accessories are not included and are shown only to suggest how the print might look. The print is sized to approximate scale in each room, but it is an illustration, not a measurement. Please measure your own wall and choose the size that suits it. COLOUR Screens and printers vary, so the printed colour may differ a little from what you see here.",https://kirwana.github.io/p/4578853519.html,https://i.etsystatic.com/45832662/r/il/bfc352/8602234083/il_fullxfull.8602234083_bc93.jpg,"https://i.etsystatic.com/45832662/r/il/5bb183/8554370932/il_fullxfull.8554370932_cytd.jpg,https://i.etsystatic.com/45832662/r/il/b84bd2/8602234309/il_fullxfull.8602234309_n4oh.jpg,https://i.etsystatic.com/45832662/r/il/3b3ab3/8602234339/il_fullxfull.8602234339_8yxl.jpg,https://i.etsystatic.com/45832662/r/il/ffd47b/8602234377/il_fullxfull.8602234377_imtm.jpg,https://i.etsystatic.com/45832662/r/il/b63d65/8554371100/il_fullxfull.8554371100_jhyq.jpg",9.99 AUD,in stock,new,Mirrors Fine Art,Printable wall art
4578852771,"Bolivia Altiplano Volcano Print, Black and White Andes Mountain Photography (Digital Download)","An original photograph by Alan and Carolina, taken with a real camera. Every size listed prints sharp, and the larger formats are best viewed from around two feet, the distance a framed print is normally seen from. A dramatic black and white photograph of the Bolivian Altiplano, where a snow-capped volcanic peak rises above rugged, sunlit slopes and windswept tufts of golden grass fill the foreground. This dramatic scene brings a sense of adventure and calm to any space. The timeless monochrome palette makes it easy to pair with almost any color scheme, from minimalist and modern interiors to rustic or industrial styled rooms. It works beautifully as a statement piece above a sofa or bed, or as part of a curated gallery wall in a study, office, or reading nook. Perfect for travelers, nature lovers, mountain photography enthusiasts, or anyone drawn to wild, untouched landscapes. This printable artwork also makes a thoughtful gift for hikers, geologists, or fans of South American scenery who appreciate the quiet power of the natural world. WHAT YOU RECEIVE Instant digital download. High resolution JPG files at 300 DPI covering a wide range of print sizes, in both inches and centimetres. Nothing is posted to you. ABOUT THE PHOTOS The room photographs are mockups. Frames, mats, furniture and accessories are not included and are shown only to suggest how the print might look. The print is sized to approximate scale in each room, but it is an illustration, not a measurement. Please measure your own wall and choose the size that suits it. COLOUR Screens and printers vary, so the printed colour may differ a little from what you see here.",https://kirwana.github.io/p/4578852771.html,https://i.etsystatic.com/45832662/r/il/a892d1/8554299760/il_fullxfull.8554299760_atvn.jpg,"https://i.etsystatic.com/45832662/r/il/63f21c/8554299944/il_fullxfull.8554299944_52t3.jpg,https://i.etsystatic.com/45832662/r/il/78210a/8602163205/il_fullxfull.8602163205_dlpv.jpg,https://i.etsystatic.com/45832662/r/il/383683/8602163241/il_fullxfull.8602163241_6dhi.jpg,https://i.etsystatic.com/45832662/r/il/14d468/8602163287/il_fullxfull.8602163287_449f.jpg,https://i.etsystatic.com/45832662/r/il/dd338f/8554300134/il_fullxfull.8554300134_12uc.jpg",9.99 AUD,in stock,new,Mirrors Fine Art,Printable wall art
4578834615,"Cusco Peru Black and White Andes Mountain Print, Landscape Photography (Digital Download)","An original photograph by Alan and Carolina, taken with a real camera. Every size listed prints sharp, and the larger formats are best viewed from around two feet, the distance a framed print is normally seen from. Cusco - Peru WHAT YOU RECEIVE Instant digital download. High resolution JPG files at 300 DPI covering a wide range of print sizes, in both inches and centimetres. Nothing is posted to you. ABOUT THE PHOTOS The room photographs are mockups. Frames, mats, furniture and accessories are not included and are shown only to suggest how the print might look. The print is sized to approximate scale in each room, but it is an illustration, not a measurement. Please measure your own wall and choose the size that suits it. COLOUR Screens and printers vary, so the printed colour may differ a little from what you see here.",https://kirwana.github.io/p/4578834615.html,https://i.etsystatic.com/45832662/r/il/59b212/8602089037/il_fullxfull.8602089037_tlj8.jpg,"https://i.etsystatic.com/45832662/r/il/a155c1/8602089259/il_fullxfull.8602089259_6mws.jpg,https://i.etsystatic.com/45832662/r/il/742ff5/8554226104/il_fullxfull.8554226104_jlrc.jpg,https://i.etsystatic.com/45832662/r/il/dbed1f/8602089361/il_fullxfull.8602089361_eogy.jpg,https://i.etsystatic.com/45832662/r/il/bd2391/8554226202/il_fullxfull.8554226202_i3ec.jpg,https://i.etsystatic.com/45832662/r/il/e51c5c/8602089469/il_fullxfull.8602089469_rwtb.jpg",9.99 AUD,in stock,new,Mirrors Fine Art,Printable wall art
